"method","k","silhouette","within_ss","dataset"
"K-means",2,0.0815307311572467,8788.86543983536,"Math"
"K-means",3,0.0829225147774891,8287.8769986952,"Math"
"K-means",4,0.104747572938895,7824.71960729727,"Math"
"K-means",5,0.123658851465577,7379.62801282054,"Math"
"K-means",6,0.127401543500122,7023.75056780345,"Math"
"Gower + PAM",2,0.104295930776212,NA,"Math"
"Gower + PAM",3,0.0989150446183173,NA,"Math"
"Gower + PAM",4,0.104638930657817,NA,"Math"
"Gower + PAM",5,0.0744833443353821,NA,"Math"
"Gower + PAM",6,0.0830056154446254,NA,"Math"
"K-means",2,0.0883604222036321,14330.2314365529,"Portuguese"
"K-means",3,0.0789756555262681,13502.8207863005,"Portuguese"
"K-means",4,0.0986659802690839,12704.8301271315,"Portuguese"
"K-means",5,0.122156499600905,12007.0039191015,"Portuguese"
"K-means",6,0.112117813693542,11508.2524810187,"Portuguese"
"Gower + PAM",2,0.108322051635411,NA,"Portuguese"
"Gower + PAM",3,0.0962722075532162,NA,"Portuguese"
"Gower + PAM",4,0.101303766294125,NA,"Portuguese"
"Gower + PAM",5,0.102329920743341,NA,"Portuguese"
"Gower + PAM",6,0.0941402543731528,NA,"Portuguese"
