"prepared_row","profile","alc_score","dimension1","dimension2"
1,"5",1.5,2.4500534903111,-3.15617765260055
2,"4",2,0.883538840280067,1.00643556062461
3,"4",2.5,-0.0626459638419269,1.33979844032003
4,"5",1,0.130230442465403,-0.421329459670515
5,"3",3,-1.76421907171603,1.20152322462347
6,"6",2,0.37106844977234,1.31929344454227
7,"4",1.5,0.871837593882268,1.37754080628123
8,"4",1,1.57544670109709,1.07750236260671
9,"3",2.5,-1.55383717246418,1.44529600261603
10,"7",1.5,-2.15119168197818,2.01078174077707
11,"8",1.5,0.727264051059049,-1.24528677011924
12,"4",1,1.7511725409782,1.09402707709575
13,"2",2,1.41469700203928,-1.91029607503944
14,"6",2,-0.854422891172413,1.26488320875209
15,"6",2,-0.667302077256745,-0.507353724612482
16,"3",2.5,-1.26069372697686,1.17081465356689
17,"8",4,0.863306994850904,0.855362680791091
18,"6",3,-2.94482549290377,-2.08501953111114
19,"8",3,1.95220866821012,1.02493482988661
20,"1",1.5,0.270688365575006,1.87221338077092
21,"8",1,1.59335688850539,0.874340364216778
22,"2",2.5,3.31640527369004,-1.50658957854012
23,"3",2,-1.72114378959203,-1.57583018854575
24,"7",2,-1.34567548239293,2.0873098967196
25,"2",2.5,-1.29907076203162,-0.493793551559142
26,"1",2.5,-0.701747852800981,-0.0612504449194414
27,"9",2,-4.01395501762129,1.70367654660415
28,"1",1,0.769224449616341,1.55273070034593
29,"7",1,-3.13776631428638,0.526801323024241
30,"1",1,0.612746751568702,-0.0628929263503887
31,"8",2,1.33883181107118,1.02343854339301
32,"1",1,1.2513280028892,1.29001988062131
33,"4",3,2.3427731349963,0.725376725725803
34,"6",3.5,-0.615431099720517,-2.74303517889809
35,"4",2.5,0.770019271692288,-1.31606707020396
36,"6",3.5,-0.645592219597116,0.14902229739997
37,"6",1,-3.08603988998944,-2.68990851500861
38,"5",1,1.431744215462,-0.17281423676751
39,"8",1,2.18886212201293,0.573223022317157
40,"3",1.5,-2.47281185605993,-2.84016668425945
41,"4",1,0.724730017944213,-1.68956238252584
42,"4",2,2.50462259756744,0.977654768192438
43,"6",2,-0.598142843678237,1.00632564089269
44,"8",1.5,2.15812010828715,1.08856394765283
45,"4",1.5,0.697516276849275,1.12292612390895
46,"4",2.5,0.687326434065474,1.31714332071079
47,"4",2,0.75783792070837,1.5116661119285
48,"4",1,-0.815528120594089,-0.0787489916693389
49,"4",1,0.258527586972013,1.29142601832212
50,"6",3.5,-1.44729792254367,0.634032180161104
51,"3",2,-3.35862021170807,-2.97183997376936
52,"4",2,1.18245435846886,0.899488406123957
53,"8",3,1.37360042325493,1.03878855652953
54,"3",2,-1.24421808176259,1.01430222645171
55,"1",3.5,-0.303862212295947,1.85940891138973
56,"6",1,-2.10036184602395,0.170645444087652
57,"7",2.5,-2.93950234933975,0.723895047656223
58,"4",1,0.855657012308539,-1.7060402642418
59,"5",2,2.24359213541171,-0.401285590451804
60,"4",2,0.836596092002604,-1.23251711572004
61,"6",1.5,-1.48887282934318,-2.77355375616016
62,"8",2,1.83553301795432,0.957109565700409
63,"4",2,0.408433263921966,-0.432944310071399
64,"1",2.5,0.776609371412063,1.48432119775156
65,"6",5,-1.85550224219507,-0.158391651876826
66,"4",1,0.844297964577854,-0.379320943751442
67,"4",1,-0.0581004271364156,1.27150250456891
68,"9",1,-1.53334333886454,0.409894338996319
69,"2",1,3.53044639372722,-2.24220592438046
70,"6",1.5,-0.350546377853215,0.982277742461697
71,"4",3,0.830095616428293,1.30267095691236
72,"4",2,0.0695433860648862,1.2278634947606
73,"3",1,-1.69596598031539,-2.99143329078553
74,"6",2,-2.85738591803093,-0.0476821842357598
75,"1",4,0.140514777840557,1.8132146744562
76,"8",1.5,0.899338858077312,1.28711515583647
77,"6",2.5,-1.25816519399735,-3.00731785696993
78,"4",2.5,0.908699806950538,1.35965693730602
79,"5",1.5,1.67417571037149,-0.249074607124481
80,"1",1,0.590478108292728,-1.13040018175905
81,"1",1,-0.739962461965109,1.75513527392711
82,"8",1.5,0.544943454739933,-0.244547833855835
83,"8",1,2.40114504185924,0.651819017821305
84,"4",1,1.65847437868118,0.786665394241195
85,"8",2.5,1.13949590106136,-1.59284751328221
86,"7",3.5,-2.14639193282845,0.470509504659174
87,"7",1,-1.81040026440923,2.01783435586646
88,"4",1,0.103195722567179,1.42102720002857
89,"5",1.5,1.09393090935037,-0.0184507726024235
90,"4",1,-0.345799580333434,-1.16564602122239
91,"4",2,-0.795959168900647,-0.328656999735495
92,"8",1,0.299866480712625,-0.437474337344267
93,"6",3,0.237418719356042,1.21126413440284
94,"7",1,-0.902234016962698,2.21078945212358
95,"8",1,-0.034709393338927,1.40175205452442
96,"6",2,0.245154059159558,0.983135148936472
97,"7",2,-1.59549975458217,2.11864830352352
98,"4",1,1.09909328609374,1.25950111808597
99,"3",1.5,-3.39676838379158,0.186757078952273
100,"4",2.5,0.658622964426163,-1.62783123857487
101,"4",1.5,1.24725737090759,-0.389080942269384
102,"5",1.5,1.92986976617629,-0.372874751173039
103,"9",3,-1.76552247153495,-1.97761815733351
104,"6",3,-0.792944948128678,-0.359437689116698
105,"8",3,2.72973110862479,0.882266225855063
106,"6",1,-1.17818072292683,-1.63934031285314
107,"4",3,1.68179936592001,0.743155858749882
108,"4",3,1.48200157165539,1.0013963671712
109,"3",2.5,-0.543978271083507,-0.783976882486853
110,"4",1.5,1.7903129463658,0.726391138159435
111,"4",1.5,2.49886338898939,0.858296785423755
112,"4",1.5,0.445547374860187,-1.59958112058834
113,"3",1,-2.06259794512204,1.3128171206091
114,"1",2,-0.685851753392597,-1.14176766624485
115,"1",1.5,1.94092834845415,1.58344799549974
116,"8",1,-1.10662439525711,0.167970556331389
117,"6",1,0.904126551687808,0.837089985407031
118,"5",1,0.392704037009237,-2.87352919040514
119,"4",2,1.2237483512632,-1.49325715732347
120,"4",1,0.0930018318548745,-2.97897976315729
121,"8",1,1.88618658430051,-0.871073670230408
122,"2",1,1.97796967784416,-0.45500596718834
123,"5",2.5,2.34282413603863,-2.81373072699635
124,"8",1,-1.12151707976399,0.246604355506145
125,"4",1.5,1.45678683481166,-0.716991241502104
126,"6",2,-1.31369532618773,-2.88144753824265
127,"4",1,1.45019909548516,0.960497009026584
128,"6",2.5,-0.750549640672418,-0.213003442001483
129,"6",1,-0.540345666833236,1.39649515701298
130,"6",1,-0.142781073879454,-1.53260929304276
131,"5",2,-1.29104634237755,0.154990696268309
132,"5",1,0.822953072509634,-0.168477107089361
133,"4",3.5,1.79471387541553,-3.25659578584885
134,"4",2,0.782689363460524,0.987221035090039
135,"2",2,0.485208823623776,-0.517657927925304
136,"4",3,-0.632543766504757,-1.1979340059015
137,"8",1,2.24012375004089,1.26249160617578
138,"9",1,-3.67670343742207,-1.84098660911834
139,"9",2.5,-3.07719763911198,-2.21023284647955
140,"7",2,-3.07805115436358,0.922756620136364
141,"4",1,1.37313755662468,1.57614733477757
142,"2",1,1.01316431456142,-1.71873634632788
143,"3",2,-1.85582203103729,-1.60426830944246
144,"5",1.5,0.973371703436578,-2.46513086690206
145,"6",1.5,0.327703606083909,1.08610673950343
146,"8",1,1.86328511779019,1.10305584861931
147,"4",3,0.643569350313154,-1.31655089266069
148,"1",1,1.30290565537342,1.51492871070218
149,"3",2,-1.57008247660727,1.04428770269513
150,"3",1,-3.9181968630163,-2.57857291402642
151,"6",1.5,-0.985796797710865,1.11548450841119
152,"6",1,-0.842455147773775,-3.14202006329142
153,"4",1,0.263967370915096,1.248790694766
154,"7",4,-3.39184895377934,1.2582406303106
155,"7",1.5,-3.77975689633218,0.982587901464256
156,"8",2.5,0.289216304111779,-0.332088517237192
157,"8",1.5,2.62532743682963,0.502418957362991
158,"4",3,1.45857243339425,-1.93800629837869
159,"4",3,1.7898924568235,1.24157731674312
160,"6",2,0.310629164819628,1.11274207813007
161,"9",1.5,-3.64340078981676,1.53124460403071
162,"5",1,-0.44381380102541,0.048429208265583
163,"4",5,0.720601921573761,-1.448700574971
164,"4",1.5,1.32093504945739,1.0858390239902
165,"4",1,1.22070873306067,-1.61787917987589
166,"6",3.5,-1.81403597228581,-0.0294128446580708
167,"8",1,0.820092400638959,0.95463917630724
168,"6",2.5,-0.662412378726857,1.09106917419674
169,"3",1,-3.53147376980587,-2.23621912199745
170,"4",1.5,-0.971818853810668,0.322815835824582
171,"3",1.5,-1.93314712041457,1.24016392475325
172,"8",1,2.01716385996834,-0.829700725858572
173,"1",1,-0.27091663704661,1.56520222358447
174,"2",3,-1.91032486436917,0.376419692032807
175,"4",1,-0.907809055939509,1.10741662962175
176,"8",3.5,1.58005232066081,-0.711406993951348
177,"5",1,-2.06628156054385,0.135168753699563
178,"6",4,0.347042213298708,1.4199210734524
179,"7",1,-2.48251194398886,0.613600518205468
180,"7",3.5,-4.09142812440944,-1.68349632977689
181,"6",1,-1.72215288042957,-0.0217817355307262
182,"7",1.5,-2.7501594632693,0.751711308150083
183,"4",1.5,1.02436235008718,1.29539776545527
184,"8",1,0.538182085196598,-0.397360325889645
185,"9",1.5,-0.236616426558588,0.486595905042318
186,"7",1,-3.66249336835922,0.73707035698975
187,"7",3.5,-2.57364007159861,0.812421421029386
188,"5",1,0.8113023601683,-2.69699496347229
189,"6",2.5,0.113441416827286,1.29302668679718
190,"8",3,2.42383457319595,0.612451252106551
191,"4",1,1.24412623284413,1.0458777211733
192,"2",1,3.69793003507381,-1.0213020051888
193,"4",1,1.62712902048289,0.901784955886428
194,"4",2,1.75381097514043,1.2120962876117
195,"4",1,-0.348686261201281,-2.93130307470536
196,"6",4.5,-1.80776301862885,1.70081919259685
197,"7",2.5,-1.84719928926855,2.32001012155495
198,"5",2.5,2.2419515294578,-0.129919680682369
199,"6",1,-2.24062660288391,-0.104455424205758
200,"4",2.5,-0.257038026877652,-2.87226608760007
201,"4",1.5,1.66911878393836,-1.34196853620983
202,"8",1,2.35397496265892,0.85185617179218
203,"8",3.5,0.0881553666509306,1.34112216442148
204,"8",1,2.86341801618982,-1.75596408196735
205,"6",5,-0.298606637429451,-2.78248785076255
206,"9",1.5,-4.32136797794074,-1.0709807621146
207,"6",1,-1.01219791314033,-0.0279203715874122
208,"6",3.5,-0.110195727338268,1.31097616366356
209,"4",1.5,1.18407693756362,1.13100613332393
210,"8",2,1.40363462923843,1.04928879690677
211,"7",1,-3.17016392539748,-2.24437744887797
212,"4",3,0.542133141447846,1.51404638657192
213,"2",3,0.23699683219725,-1.5960837127175
214,"2",1,0.864428337600659,-0.862128205736414
215,"9",1,-2.16613933937071,-2.00916448547897
216,"4",3,2.01936035169872,0.892249602751641
217,"6",2,-0.449451568431031,-0.502132454610278
218,"2",1,2.91522255930469,-0.707004744943021
219,"4",2,0.850117791769702,1.41291294063493
220,"4",1.5,0.756856138518522,0.885892120346852
221,"4",1,0.822095070175299,1.34104470557126
222,"7",2.5,-1.92993356408366,2.47699760309708
223,"8",1.5,1.50562719707041,0.926012151078455
224,"5",1,1.94234416162662,-3.183079631977
225,"1",2,-0.226945213453896,-2.62359258891137
226,"3",1.5,-2.1760658283724,-2.47586094574055
227,"8",5,1.61535918966606,-0.464646059984065
228,"8",2,3.03276284513776,0.540233882987524
229,"9",1.5,-3.82755147094927,1.28492766545821
230,"6",4.5,-0.714068521119666,-2.977838620419
231,"8",4,1.85549862972244,1.10357737567538
232,"6",1,-0.92656140506275,-0.329111952556972
233,"8",1,2.25447287602577,-1.8395880325447
234,"8",2.5,-0.0224506779304746,-3.11550130018005
235,"4",1,0.451168267070734,-1.54244123920197
236,"3",1,-2.06048220064963,-0.607314070418793
237,"4",1,1.4986920901351,-1.60162613379961
238,"3",3,-2.30430147513623,-1.51204809433148
239,"9",2,-2.5214262533733,-2.22113708975011
240,"4",1.5,1.05385410812247,-0.727291156719911
241,"4",2.5,1.39133130114213,0.650689476665084
242,"8",1,2.52588908955704,0.817652967263527
243,"8",2.5,2.89914626343764,1.42225627358572
244,"9",1,-2.23391559040268,-2.2150796105805
245,"3",1,-2.43368780571757,-0.513607794272599
246,"1",3.5,0.254943373101143,1.55953767220678
247,"7",2,-2.71898815971093,-0.321299925052452
248,"6",2,-0.886777355508321,-0.281440026794603
249,"6",1,-0.483432220789177,-0.343065393481606
250,"7",2.5,-2.2166091136836,1.98487883084067
251,"1",2.5,1.16551041316356,1.58405740552084
252,"1",1,1.26796226285333,1.41131932914223
253,"7",1,-1.42259041255992,2.03727095742257
254,"4",1,-0.384277372590647,1.46651498277186
255,"8",4.5,1.23364558966066,-0.401868163690223
256,"1",1,2.43080168317647,1.58483948543496
257,"4",3,-0.00526752291126066,1.64820712122943
258,"4",4,-0.865050726224543,0.0566839982241606
259,"6",3.5,-0.573560967644128,-0.107998509066528
260,"6",3,-2.27097452166119,-2.84530462617296
261,"1",1.5,0.608517633377705,1.49378854439482
262,"4",3,0.338743518738341,1.29176787871179
263,"4",1.5,1.96496749714861,-0.686334892730361
264,"6",2.5,-0.159413926565997,-1.44767134210715
265,"9",1.5,-3.59841058106495,1.40481268029027
266,"4",1.5,0.335549100879595,0.991655174044893
267,"5",1,-1.05245165504854,0.597563127496863
268,"2",3.5,3.13826138653844,-0.57616628820282
269,"4",2,1.93229564914737,-1.71276168526105
270,"9",1.5,-3.99373969354555,1.13803104352562
271,"4",5,1.01556207753746,1.50967384796862
272,"6",2.5,-2.34290227845991,-2.46213679087253
273,"7",1,-2.36029596205198,2.07267774703946
274,"8",1,3.17434105145876,0.781374527136907
275,"7",4,-1.48961995279292,1.83540377896277
276,"4",3,-0.549307951986724,-1.02643633033631
277,"4",1.5,-1.77870545610222,-2.53708206987904
278,"2",4,-1.61295140539417,0.526410561456011
279,"7",1.5,-2.53543223869008,0.706414732613698
280,"8",1,2.22269648268745,1.06638854971623
281,"4",1.5,1.4370221103879,1.35350127819508
282,"4",1,1.57588427050904,0.897365942689578
283,"4",1,0.936759593998448,0.947529599930238
284,"8",5,0.910318108426367,-0.0423823275481392
285,"6",4,0.0578812615467307,-0.223938065513832
286,"6",1.5,-0.339464906684484,-0.259258331985189
287,"7",4,-2.16243011107645,2.23575896678731
288,"6",5,-2.45807904444425,0.133637792516601
289,"6",1,0.737948624273092,-0.858689847911494
290,"6",2,-0.552033948479474,-0.0731425250429267
291,"4",1.5,1.18354295106004,1.16680615323655
292,"8",1.5,2.55427574113873,-0.6133280217879
293,"4",2.5,0.891075448012764,-1.47109128441368
294,"4",1.5,1.15278084081939,-0.688689483372582
295,"6",1.5,0.336314878751462,1.0082377531693
296,"8",3,1.26438494780527,-0.535625537736247
297,"8",1,2.23917212790173,0.909876122601057
298,"6",1,-2.15582068996438,0.0410330962014432
299,"2",2.5,2.53660686441428,-0.74857556755525
300,"9",5,-4.11840552205218,1.60587758514454
301,"8",1.5,1.14206167230763,-0.440809469569865
302,"4",1,-0.76874089966753,1.48022086261347
303,"4",2,1.93473877036367,-1.52631148875648
304,"6",1,-0.567132344903853,1.33108695025686
305,"7",1,-1.95984374775852,2.63465325089109
306,"8",1,0.367028388586226,-0.283632414277252
307,"8",1.5,0.855218835925815,1.16565328773135
308,"1",1.5,0.482412932402828,1.75546393375876
309,"6",1,-1.2711974089156,-0.0218050959653799
310,"8",2.5,2.45620380480535,0.661461189093282
311,"8",1.5,1.59640309196902,1.11501363591014
312,"4",1,2.08676716717202,0.826300049828691
313,"4",2,0.247131948583955,1.34478308359057
314,"4",2,0.134228449456766,-1.58710564244315
315,"8",2.5,0.577503267825606,-0.247576609535251
316,"4",2,0.833001374838702,-0.383537925948461
317,"8",1,0.260186472232814,-1.32734592943786
318,"6",1,-2.89030201430143,-0.292351401538571
319,"4",2,-0.451267601973942,-2.50731359242116
320,"3",2,-1.52562512287282,-1.29091380448328
321,"7",1,-1.37867060178656,1.93795940774985
322,"8",1,1.70488847343333,-1.5627202250161
323,"8",2,2.51591896472816,1.0574164862054
324,"5",1,2.16623225863789,-0.203288727600505
325,"4",2,0.95194203596686,-0.214958259969336
326,"1",2,0.16299448117383,1.60582413293871
327,"6",1.5,-0.594907596613386,1.06721773168976
328,"4",4,-1.09806213871232,-2.43437139768482
329,"6",1.5,0.768578844904816,0.946405184165796
330,"6",1,-0.0737111112485024,-1.7978320429389
331,"6",2.5,-1.89217040290871,-0.0798056662694718
332,"3",1.5,-1.81133548827254,-2.92390066347286
333,"9",1.5,-3.52557347840908,1.44403386523975
334,"6",2.5,-2.47885821383257,0.0415389223863544
335,"2",1.5,0.61390888260659,-0.422815244270223
336,"6",2,-1.19994049164221,1.56853824080997
337,"8",1,2.87457549394884,0.504698686099226
338,"4",2,-0.801337814723707,1.42737173844839
339,"4",3.5,-1.04794018273988,-0.903310595527725
340,"7",2.5,-1.56826177024711,1.88067159946391
341,"6",4.5,-0.760569413678059,0.000918758197492592
342,"8",1,2.09035439118764,0.621111027499921
343,"8",2.5,0.755312151343386,-2.9632671345109
344,"1",3.5,1.9156102524233,1.66827177457178
345,"7",3,-3.69730580884953,1.17770200192676
346,"8",2.5,2.45737690563068,0.84949011732157
347,"1",1,-1.60543654812605,1.75429467485534
348,"1",1,1.00906846767781,0.875264770725878
349,"9",1,-3.93762766078582,1.99600432644861
350,"4",2,-0.967670375109879,-2.92121500323421
351,"6",1,-1.01329093354322,-1.33498998498133
352,"4",1.5,-0.603707349394597,-1.3114982110508
353,"1",1.5,-0.634230732232329,0.0703516853229064
354,"8",1.5,1.84888633337347,-1.44182762035479
355,"4",1,0.735305973178966,1.03534251921623
356,"4",1.5,0.221851178407895,-2.73384532114285
357,"4",1.5,-0.796140020274288,1.47067291818794
358,"2",1,2.47175559078378,-0.0895224381362745
359,"2",3,0.244303696959719,-1.71977281151106
360,"8",2.5,1.31393954548342,1.29218823708868
361,"8",2.5,1.77187103784879,0.970101161596731
362,"2",1,2.02975808839472,-1.12611458465838
363,"6",1,-2.24753504145237,0.172970791058766
364,"6",1.5,0.281162711397762,1.35037829171486
365,"4",5,0.656124854030316,-1.45000825921723
366,"9",1,-1.64319148632569,1.03523281691148
367,"6",2.5,-1.86459786571265,-2.46012841318374
368,"1",2,-0.631069485696959,-2.27654893950886
369,"1",1,-1.69913845028865,1.69827992734989
370,"7",1,-2.05239608380673,2.32499373981742
371,"4",3,-0.925888125148348,-0.183879873072174
372,"5",2.5,2.00978416043731,-0.262852001126105
373,"5",1.5,0.493578330528746,-2.62588731891903
374,"7",3.5,-1.70791953614088,1.12253847311536
375,"9",1,-3.18584492291269,1.16742010142312
376,"1",1.5,1.3877793061832,1.40410727090814
377,"6",1.5,-0.869434796911075,1.11338253354605
378,"4",1,0.271984447492934,-0.362967217922884
379,"4",1,1.35306425001617,0.952866599060037
380,"8",2,1.89851265203983,0.904136248880117
381,"3",1.5,-3.32646027215733,0.215456925559696
382,"3",1,-3.55032671261367,-2.31606660506603
383,"7",1,-2.35012771754871,0.553859462755014
384,"7",2.5,-2.75726136666367,0.508510991483125
385,"2",2,2.12522420964761,-0.568370423750513
386,"2",1,2.48534258941634,-0.725289313431599
387,"5",4,2.5348952760052,-3.22455323454521
388,"1",1,0.977436527606272,1.38003848243192
389,"6",1,1.06830800430838,0.845370674294805
390,"6",2.5,-0.758517802585622,-2.83453122272478
391,"1",1,1.05524338947733,1.59289417899245
392,"8",1.5,1.56995524354405,0.817693605504622
393,"4",3,1.74815158721969,0.987407890235381
394,"1",1,-0.613596572095913,1.69716056943251
395,"4",1.5,1.60156028523482,-1.62797560848349
396,"6",1,-0.544363262110372,-2.82798855925072
397,"6",2,-0.557961874295967,1.18886813565635
398,"8",2,2.42552809483401,0.962943439935085
399,"4",1.5,0.111831735604129,1.35281119727005
400,"4",1.5,1.12211676591827,-0.0853598530510238
401,"9",1,-3.70803434538742,1.2481762868526
402,"8",1,2.68757635332591,-1.8446046946117
403,"8",2,2.39761961076755,0.958553397876212
404,"5",1,-0.770995623449903,0.388869472474955
405,"3",1,-3.34724577816112,0.0513240890587733
406,"9",1,-1.3044305586637,1.17187620701787
407,"8",1,1.82443743660858,-1.65566038789221
408,"1",1,-0.74157195209323,1.4631016130499
409,"2",1,1.09171550285233,-0.291484167220503
410,"6",1.5,-2.57182360538358,-0.118001882765822
411,"4",1,0.36690684465957,0.962413485452853
412,"6",3,-1.57152610059134,0.11341973254151
413,"7",1,-1.83220906610695,1.82379823824643
414,"3",3,-1.91940299094595,-0.373952169765272
415,"7",1,-2.04734493213488,0.710460441190194
416,"4",1,0.603557997132461,-1.79043828557631
417,"9",1,-1.9901503317936,1.09872363703319
418,"6",1,-2.65087296436921,0.0158121873225334
419,"5",2,0.559419450038878,-2.58650860362017
420,"1",2.5,-0.705347191501454,0.524415413814154
421,"7",2,-1.17293000218533,1.76586968493892
422,"9",1,-3.60177813626114,-1.76931410471128
423,"3",3.5,-2.3469583138211,-1.92284267949723
424,"6",1,-0.0194841885591103,0.995593445957835
425,"4",1,0.405443803440867,-2.86992360005679
426,"6",3,-2.13430264805786,-2.04398585249731
427,"1",5,-1.95681136575693,0.277027159893133
428,"6",1.5,-0.0193877714674824,1.13992984596235
429,"4",2.5,0.981666707814055,-1.46552109870331
430,"4",3,1.32645372243819,0.928770196897565
431,"6",2.5,-1.77162971117103,1.14115547154659
432,"6",2,-1.07394644523812,-0.274465980840221
433,"4",2.5,1.21142896720364,-1.85145606550859
434,"4",2,-0.316401301781863,1.24541506514076
435,"6",2,-1.63243823392761,1.65606180066968
436,"4",2.5,1.2544612635162,-1.48043418916054
437,"6",1,-2.22045993749217,1.28503637613524
438,"4",1,0.734458607599185,0.949194754465612
439,"3",1,-3.64436011160959,0.416602778279544
440,"8",1,1.13975226336778,0.803628450263986
441,"8",1.5,0.907111303168401,-0.528418589830458
442,"3",2.5,-2.36656556666829,1.1753444859376
443,"9",1,-1.02213770229344,0.386629578499376
444,"8",3,0.821179445481901,1.35694182202461
445,"6",2,1.39796796646988,1.0264091082009
446,"4",1,1.96796394004502,1.12143205591049
447,"5",3,1.73853486644151,-0.0135577556590183
448,"4",1.5,0.6674559926342,-3.11051169378061
449,"3",1,-1.63929436827503,-3.21773481665641
450,"8",3,1.3690740893618,-3.1158867395508
451,"2",2.5,-0.89774738044544,-2.28141387495647
452,"5",1,-0.500336837924489,0.344638481418639
453,"3",4,-0.645449162944903,-0.354043026229233
454,"4",3,1.72807280095614,-0.338454473312744
455,"4",1,1.67106229772895,0.731245460926999
456,"4",1,-0.639589763263706,1.52072519593472
457,"4",2.5,-0.98926657933386,-2.57362124414227
458,"4",1.5,0.505662417196583,1.00311768743015
459,"6",1.5,-0.772985214829248,-0.501616549992149
460,"4",1.5,0.675890202708743,1.08249802168959
461,"2",4.5,1.12373494019683,-2.00351105978296
462,"6",3.5,-1.64273331417631,-0.273469214744446
463,"4",1,-0.475115338398933,-2.83593563879904
464,"6",1,-1.34344626621522,-0.225212835614298
465,"7",4,-1.6087860602872,-0.644885917020751
466,"9",2.5,-3.05486540308148,0.82331210861897
467,"1",2,0.0375207372252814,1.50843874581184
468,"7",1,-1.50784407657988,2.18113959896058
469,"1",1,0.846295015092385,1.55093560566821
470,"6",3,-0.288012845429228,1.235124335014
471,"5",1,0.786636407191235,-0.0986824973340828
472,"4",5,0.806200514480137,1.12768826012947
473,"4",2,0.522671087593852,1.31874998073486
474,"6",2,-1.47725523846136,-2.73177551602584
475,"1",1.5,1.46233163834449,1.37414342503494
476,"8",2,0.478678972536197,1.14952127016763
477,"4",1,0.502109092816759,1.01233294591963
478,"2",1,1.39685705281007,-0.000692445822941928
479,"4",4,0.116605260357563,-2.57815107651298
480,"6",1.5,-2.58241452163787,-0.12591328181381
481,"8",1,2.85378977372847,0.658742698483286
482,"4",1,0.376139752747949,-1.58252615884856
483,"6",3,-0.0173801673682677,1.46597601172369
484,"4",2,2.01429975801045,0.697392609301631
485,"3",1.5,0.143761414403949,0.744326573163735
486,"4",2,1.46454529907011,1.31538342730447
487,"6",1,-0.453032931970054,-0.200724479606222
488,"4",2,0.259039982190102,1.34954263149397
489,"4",1,2.13631454396586,0.862622806041577
490,"4",1,1.13137516329711,-0.594890156261865
491,"4",1,0.0904199603288924,-2.91163585636286
492,"2",3,2.18889395812158,-0.563396367282668
493,"8",1,2.79499284885793,0.693846866493115
494,"9",1,-0.204570676418078,0.260052270840674
495,"3",1.5,-2.13230280368181,-0.440707989484162
496,"9",2,-3.58088713937318,1.50197982601248
497,"9",2,-2.29359883354753,-1.99027644359185
498,"8",1,1.2975213845308,-0.422885194376453
499,"4",1,0.444058459755974,-1.43041799396507
500,"9",1,-3.17108050915967,1.52025354627068
501,"4",1,-0.373216696437017,1.48101954060211
502,"3",2.5,-2.05609961296303,-0.115387246434022
503,"7",3,-2.01215562582723,2.25934525498993
504,"4",1,1.55696577445827,0.815407627688296
505,"6",5,-0.0208492580096071,1.1993108519646
506,"4",1.5,1.04267207754729,1.13152898256311
507,"2",1,1.63349401558649,-0.495409846980217
508,"4",2.5,0.595288542553013,1.13402152946898
509,"7",2,-3.33870198442382,-1.91405697018535
510,"6",2,-1.0246020692765,-0.0326698410575986
511,"3",1.5,-0.810678619592419,1.46190718910061
512,"4",2.5,1.49689521145672,1.27043514616788
513,"8",2,0.967083718741081,-1.62521197923731
514,"4",1,0.98612974419774,1.12960302320234
515,"8",2.5,0.487280261601961,1.27911191888789
516,"8",1,2.35181570682465,0.955349931626242
517,"8",2,0.132393754598527,1.45976444540866
518,"8",1.5,1.40282119135944,-0.396789618515304
519,"3",1.5,-1.81133548827254,-2.92390066347286
520,"5",1,-1.72397705498544,-2.50799662955592
521,"4",5,2.05993943505208,1.10880460239943
522,"4",1.5,0.0427782501133763,-0.283353235720165
523,"4",1,1.17249809671171,1.26854821358956
524,"8",1.5,2.3391877607332,-1.86129856559044
525,"4",1,1.8962989023592,-1.83017799417157
526,"8",3.5,2.46311866703883,-1.78158768704992
527,"6",1,-0.510117929818866,1.32713431645008
528,"4",1,0.347192767055221,-0.602904532777155
529,"4",1,1.64977865282497,1.15254584227426
530,"4",1.5,1.04277085745011,-1.33507644383596
531,"1",1.5,1.43171237262013,1.52554300985465
532,"8",1.5,1.7476596886166,1.24668378078395
533,"2",1,2.17006964238001,-0.268067854230889
534,"8",1,2.1129341425767,-0.703684824865623
535,"4",3.5,2.02695749499146,0.96142703967298
536,"8",2,1.85539880906514,1.20890779028301
537,"5",3.5,-0.855168457197066,0.172546614945792
538,"4",1,1.84480266492988,-3.10241127730294
539,"5",2.5,-0.534757628265932,-0.212172940286251
540,"5",2.5,2.48942450833203,0.00172281873657448
541,"4",2.5,1.60460035503808,1.24069791569821
542,"4",1,0.693944442775251,-0.668416517492366
543,"4",1.5,-1.67593420951654,0.202719187101227
544,"4",1.5,1.19288541166971,1.21740888028202
545,"6",1.5,-2.0085241229644,-2.74050492356358
546,"4",2,1.8184023189319,0.977890785708232
547,"7",2.5,-2.69121378770875,0.878253915572203
548,"5",1.5,1.63875591736254,0.456454680154141
549,"4",3.5,1.49533681524714,1.03989832499011
550,"5",2,1.86780970734111,-2.60483898235813
551,"5",3,2.00076457339254,-0.126301122189492
552,"4",4,1.40767222049828,1.18404634872293
553,"4",1,0.959663253702924,-3.04105435303015
554,"8",1,0.627848738252261,-0.520638126396399
555,"5",2,-0.215039769924064,0.337390731814044
556,"2",3,2.06081565025362,-1.84344363167274
557,"4",1,1.65804653926974,1.43426323850116
558,"2",2,2.20910896338015,-1.4400115538018
559,"5",1,-0.133347550555113,-2.43708460336247
560,"6",1,-1.96289131217551,1.75819501994202
561,"4",1,1.19249646127328,0.920728654436029
562,"6",2.5,0.118214985299774,-2.68130967170292
563,"7",1,-0.678515871044809,2.26158572531815
564,"7",2,-1.38511098451074,-0.651285521659467
565,"8",1.5,1.88822076864206,-0.186118987581499
566,"4",1.5,1.00790901356265,-2.96592051616035
567,"8",1,1.43973453932135,-2.95164672224484
568,"4",1.5,1.49460021485823,-3.45741276007098
569,"7",2,-2.65867303060724,0.684651227361312
570,"5",1,1.44652298007209,-0.151841493691146
571,"4",1,-0.21592386076164,1.65164595724697
572,"9",2.5,-3.83756647151014,-1.11596248211906
573,"4",2,1.26310315517854,1.11561623356745
574,"4",2,2.17182957128311,-0.625322898568972
575,"4",3.5,0.98297097098728,-1.32091070238799
576,"7",1,-1.42575579797248,2.25245914559396
577,"7",2,-1.93584445024784,0.911263933240469
578,"7",1,-1.1295652393943,0.706700680369571
579,"6",3.5,0.205917715222063,1.16873302659488
