"profile","variable","category","n","percent","dataset","method"
"1","sex_M","0",34,73.9130434782609,"Math","K-means"
"1","sex_M","1",12,26.0869565217391,"Math","K-means"
"1","address_U","0",19,41.304347826087,"Math","K-means"
"1","address_U","1",27,58.695652173913,"Math","K-means"
"1","famsize_LE3","0",33,71.7391304347826,"Math","K-means"
"1","famsize_LE3","1",13,28.2608695652174,"Math","K-means"
"1","Pstatus_T","0",3,6.52173913043478,"Math","K-means"
"1","Pstatus_T","1",43,93.4782608695652,"Math","K-means"
"1","famsup_yes","0",17,36.9565217391304,"Math","K-means"
"1","famsup_yes","1",29,63.0434782608696,"Math","K-means"
"1","internet_yes","0",17,36.9565217391304,"Math","K-means"
"1","internet_yes","1",29,63.0434782608696,"Math","K-means"
"1","activities_yes","0",23,50,"Math","K-means"
"1","activities_yes","1",23,50,"Math","K-means"
"1","romantic_yes","0",31,67.3913043478261,"Math","K-means"
"1","romantic_yes","1",15,32.6086956521739,"Math","K-means"
"1","Mjob","at_home",46,100,"Math","K-means"
"1","Mjob","health",0,0,"Math","K-means"
"1","Mjob","other",0,0,"Math","K-means"
"1","Mjob","services",0,0,"Math","K-means"
"1","Mjob","teacher",0,0,"Math","K-means"
"1","Fjob","at_home",6,13.0434782608696,"Math","K-means"
"1","Fjob","health",1,2.17391304347826,"Math","K-means"
"1","Fjob","other",25,54.3478260869565,"Math","K-means"
"1","Fjob","services",14,30.4347826086957,"Math","K-means"
"1","Fjob","teacher",0,0,"Math","K-means"
"1","guardian","father",13,28.2608695652174,"Math","K-means"
"1","guardian","mother",33,71.7391304347826,"Math","K-means"
"1","guardian","other",0,0,"Math","K-means"
"2","sex_M","0",13,50,"Math","K-means"
"2","sex_M","1",13,50,"Math","K-means"
"2","address_U","0",6,23.0769230769231,"Math","K-means"
"2","address_U","1",20,76.9230769230769,"Math","K-means"
"2","famsize_LE3","0",23,88.4615384615385,"Math","K-means"
"2","famsize_LE3","1",3,11.5384615384615,"Math","K-means"
"2","Pstatus_T","0",4,15.3846153846154,"Math","K-means"
"2","Pstatus_T","1",22,84.6153846153846,"Math","K-means"
"2","famsup_yes","0",7,26.9230769230769,"Math","K-means"
"2","famsup_yes","1",19,73.0769230769231,"Math","K-means"
"2","internet_yes","0",6,23.0769230769231,"Math","K-means"
"2","internet_yes","1",20,76.9230769230769,"Math","K-means"
"2","activities_yes","0",14,53.8461538461538,"Math","K-means"
"2","activities_yes","1",12,46.1538461538462,"Math","K-means"
"2","romantic_yes","0",16,61.5384615384615,"Math","K-means"
"2","romantic_yes","1",10,38.4615384615385,"Math","K-means"
"2","Mjob","at_home",3,11.5384615384615,"Math","K-means"
"2","Mjob","health",1,3.84615384615385,"Math","K-means"
"2","Mjob","other",5,19.2307692307692,"Math","K-means"
"2","Mjob","services",7,26.9230769230769,"Math","K-means"
"2","Mjob","teacher",10,38.4615384615385,"Math","K-means"
"2","Fjob","at_home",0,0,"Math","K-means"
"2","Fjob","health",0,0,"Math","K-means"
"2","Fjob","other",0,0,"Math","K-means"
"2","Fjob","services",0,0,"Math","K-means"
"2","Fjob","teacher",26,100,"Math","K-means"
"2","guardian","father",10,38.4615384615385,"Math","K-means"
"2","guardian","mother",16,61.5384615384615,"Math","K-means"
"2","guardian","other",0,0,"Math","K-means"
"3","sex_M","0",18,75,"Math","K-means"
"3","sex_M","1",6,25,"Math","K-means"
"3","address_U","0",6,25,"Math","K-means"
"3","address_U","1",18,75,"Math","K-means"
"3","famsize_LE3","0",17,70.8333333333333,"Math","K-means"
"3","famsize_LE3","1",7,29.1666666666667,"Math","K-means"
"3","Pstatus_T","0",2,8.33333333333333,"Math","K-means"
"3","Pstatus_T","1",22,91.6666666666667,"Math","K-means"
"3","famsup_yes","0",10,41.6666666666667,"Math","K-means"
"3","famsup_yes","1",14,58.3333333333333,"Math","K-means"
"3","internet_yes","0",4,16.6666666666667,"Math","K-means"
"3","internet_yes","1",20,83.3333333333333,"Math","K-means"
"3","activities_yes","0",13,54.1666666666667,"Math","K-means"
"3","activities_yes","1",11,45.8333333333333,"Math","K-means"
"3","romantic_yes","0",9,37.5,"Math","K-means"
"3","romantic_yes","1",15,62.5,"Math","K-means"
"3","Mjob","at_home",5,20.8333333333333,"Math","K-means"
"3","Mjob","health",1,4.16666666666667,"Math","K-means"
"3","Mjob","other",10,41.6666666666667,"Math","K-means"
"3","Mjob","services",7,29.1666666666667,"Math","K-means"
"3","Mjob","teacher",1,4.16666666666667,"Math","K-means"
"3","Fjob","at_home",2,8.33333333333333,"Math","K-means"
"3","Fjob","health",1,4.16666666666667,"Math","K-means"
"3","Fjob","other",16,66.6666666666667,"Math","K-means"
"3","Fjob","services",5,20.8333333333333,"Math","K-means"
"3","Fjob","teacher",0,0,"Math","K-means"
"3","guardian","father",0,0,"Math","K-means"
"3","guardian","mother",0,0,"Math","K-means"
"3","guardian","other",24,100,"Math","K-means"
"4","sex_M","0",63,54.3103448275862,"Math","K-means"
"4","sex_M","1",53,45.6896551724138,"Math","K-means"
"4","address_U","0",25,21.551724137931,"Math","K-means"
"4","address_U","1",91,78.448275862069,"Math","K-means"
"4","famsize_LE3","0",85,73.2758620689655,"Math","K-means"
"4","famsize_LE3","1",31,26.7241379310345,"Math","K-means"
"4","Pstatus_T","0",15,12.9310344827586,"Math","K-means"
"4","Pstatus_T","1",101,87.0689655172414,"Math","K-means"
"4","famsup_yes","0",60,51.7241379310345,"Math","K-means"
"4","famsup_yes","1",56,48.2758620689655,"Math","K-means"
"4","internet_yes","0",20,17.2413793103448,"Math","K-means"
"4","internet_yes","1",96,82.7586206896552,"Math","K-means"
"4","activities_yes","0",66,56.8965517241379,"Math","K-means"
"4","activities_yes","1",50,43.1034482758621,"Math","K-means"
"4","romantic_yes","0",80,68.9655172413793,"Math","K-means"
"4","romantic_yes","1",36,31.0344827586207,"Math","K-means"
"4","Mjob","at_home",0,0,"Math","K-means"
"4","Mjob","health",0,0,"Math","K-means"
"4","Mjob","other",116,100,"Math","K-means"
"4","Mjob","services",0,0,"Math","K-means"
"4","Mjob","teacher",0,0,"Math","K-means"
"4","Fjob","at_home",5,4.31034482758621,"Math","K-means"
"4","Fjob","health",3,2.58620689655172,"Math","K-means"
"4","Fjob","other",88,75.8620689655172,"Math","K-means"
"4","Fjob","services",20,17.2413793103448,"Math","K-means"
"4","Fjob","teacher",0,0,"Math","K-means"
"4","guardian","father",30,25.8620689655172,"Math","K-means"
"4","guardian","mother",86,74.1379310344828,"Math","K-means"
"4","guardian","other",0,0,"Math","K-means"
"5","sex_M","0",13,46.4285714285714,"Math","K-means"
"5","sex_M","1",15,53.5714285714286,"Math","K-means"
"5","address_U","0",2,7.14285714285714,"Math","K-means"
"5","address_U","1",26,92.8571428571429,"Math","K-means"
"5","famsize_LE3","0",19,67.8571428571429,"Math","K-means"
"5","famsize_LE3","1",9,32.1428571428571,"Math","K-means"
"5","Pstatus_T","0",3,10.7142857142857,"Math","K-means"
"5","Pstatus_T","1",25,89.2857142857143,"Math","K-means"
"5","famsup_yes","0",8,28.5714285714286,"Math","K-means"
"5","famsup_yes","1",20,71.4285714285714,"Math","K-means"
"5","internet_yes","0",1,3.57142857142857,"Math","K-means"
"5","internet_yes","1",27,96.4285714285714,"Math","K-means"
"5","activities_yes","0",13,46.4285714285714,"Math","K-means"
"5","activities_yes","1",15,53.5714285714286,"Math","K-means"
"5","romantic_yes","0",17,60.7142857142857,"Math","K-means"
"5","romantic_yes","1",11,39.2857142857143,"Math","K-means"
"5","Mjob","at_home",0,0,"Math","K-means"
"5","Mjob","health",28,100,"Math","K-means"
"5","Mjob","other",0,0,"Math","K-means"
"5","Mjob","services",0,0,"Math","K-means"
"5","Mjob","teacher",0,0,"Math","K-means"
"5","Fjob","at_home",0,0,"Math","K-means"
"5","Fjob","health",6,21.4285714285714,"Math","K-means"
"5","Fjob","other",12,42.8571428571429,"Math","K-means"
"5","Fjob","services",10,35.7142857142857,"Math","K-means"
"5","Fjob","teacher",0,0,"Math","K-means"
"5","guardian","father",10,35.7142857142857,"Math","K-means"
"5","guardian","mother",18,64.2857142857143,"Math","K-means"
"5","guardian","other",0,0,"Math","K-means"
"6","sex_M","0",17,38.6363636363636,"Math","K-means"
"6","sex_M","1",27,61.3636363636364,"Math","K-means"
"6","address_U","0",11,25,"Math","K-means"
"6","address_U","1",33,75,"Math","K-means"
"6","famsize_LE3","0",27,61.3636363636364,"Math","K-means"
"6","famsize_LE3","1",17,38.6363636363636,"Math","K-means"
"6","Pstatus_T","0",6,13.6363636363636,"Math","K-means"
"6","Pstatus_T","1",38,86.3636363636364,"Math","K-means"
"6","famsup_yes","0",11,25,"Math","K-means"
"6","famsup_yes","1",33,75,"Math","K-means"
"6","internet_yes","0",3,6.81818181818182,"Math","K-means"
"6","internet_yes","1",41,93.1818181818182,"Math","K-means"
"6","activities_yes","0",15,34.0909090909091,"Math","K-means"
"6","activities_yes","1",29,65.9090909090909,"Math","K-means"
"6","romantic_yes","0",34,77.2727272727273,"Math","K-means"
"6","romantic_yes","1",10,22.7272727272727,"Math","K-means"
"6","Mjob","at_home",0,0,"Math","K-means"
"6","Mjob","health",0,0,"Math","K-means"
"6","Mjob","other",0,0,"Math","K-means"
"6","Mjob","services",0,0,"Math","K-means"
"6","Mjob","teacher",44,100,"Math","K-means"
"6","Fjob","at_home",2,4.54545454545455,"Math","K-means"
"6","Fjob","health",5,11.3636363636364,"Math","K-means"
"6","Fjob","other",20,45.4545454545455,"Math","K-means"
"6","Fjob","services",17,38.6363636363636,"Math","K-means"
"6","Fjob","teacher",0,0,"Math","K-means"
"6","guardian","father",3,6.81818181818182,"Math","K-means"
"6","guardian","mother",41,93.1818181818182,"Math","K-means"
"6","guardian","other",0,0,"Math","K-means"
"7","sex_M","0",35,49.2957746478873,"Math","K-means"
"7","sex_M","1",36,50.7042253521127,"Math","K-means"
"7","address_U","0",12,16.9014084507042,"Math","K-means"
"7","address_U","1",59,83.0985915492958,"Math","K-means"
"7","famsize_LE3","0",46,64.7887323943662,"Math","K-means"
"7","famsize_LE3","1",25,35.2112676056338,"Math","K-means"
"7","Pstatus_T","0",8,11.2676056338028,"Math","K-means"
"7","Pstatus_T","1",63,88.7323943661972,"Math","K-means"
"7","famsup_yes","0",21,29.5774647887324,"Math","K-means"
"7","famsup_yes","1",50,70.4225352112676,"Math","K-means"
"7","internet_yes","0",8,11.2676056338028,"Math","K-means"
"7","internet_yes","1",63,88.7323943661972,"Math","K-means"
"7","activities_yes","0",31,43.6619718309859,"Math","K-means"
"7","activities_yes","1",40,56.3380281690141,"Math","K-means"
"7","romantic_yes","0",49,69.0140845070423,"Math","K-means"
"7","romantic_yes","1",22,30.9859154929577,"Math","K-means"
"7","Mjob","at_home",0,0,"Math","K-means"
"7","Mjob","health",0,0,"Math","K-means"
"7","Mjob","other",0,0,"Math","K-means"
"7","Mjob","services",71,100,"Math","K-means"
"7","Mjob","teacher",0,0,"Math","K-means"
"7","Fjob","at_home",2,2.8169014084507,"Math","K-means"
"7","Fjob","health",3,4.22535211267606,"Math","K-means"
"7","Fjob","other",31,43.6619718309859,"Math","K-means"
"7","Fjob","services",35,49.2957746478873,"Math","K-means"
"7","Fjob","teacher",0,0,"Math","K-means"
"7","guardian","father",17,23.943661971831,"Math","K-means"
"7","guardian","mother",54,76.056338028169,"Math","K-means"
"7","guardian","other",0,0,"Math","K-means"
"1","sex_M","0",97,96.039603960396,"Math","Gower + PAM"
"1","sex_M","1",4,3.96039603960396,"Math","Gower + PAM"
"1","address_U","0",19,18.8118811881188,"Math","Gower + PAM"
"1","address_U","1",82,81.1881188118812,"Math","Gower + PAM"
"1","famsize_LE3","0",75,74.2574257425743,"Math","Gower + PAM"
"1","famsize_LE3","1",26,25.7425742574257,"Math","Gower + PAM"
"1","Pstatus_T","0",14,13.8613861386139,"Math","Gower + PAM"
"1","Pstatus_T","1",87,86.1386138613861,"Math","Gower + PAM"
"1","famsup_yes","0",22,21.7821782178218,"Math","Gower + PAM"
"1","famsup_yes","1",79,78.2178217821782,"Math","Gower + PAM"
"1","internet_yes","0",24,23.7623762376238,"Math","Gower + PAM"
"1","internet_yes","1",77,76.2376237623762,"Math","Gower + PAM"
"1","activities_yes","0",67,66.3366336633663,"Math","Gower + PAM"
"1","activities_yes","1",34,33.6633663366337,"Math","Gower + PAM"
"1","romantic_yes","0",80,79.2079207920792,"Math","Gower + PAM"
"1","romantic_yes","1",21,20.7920792079208,"Math","Gower + PAM"
"1","Mjob","at_home",21,20.7920792079208,"Math","Gower + PAM"
"1","Mjob","health",5,4.95049504950495,"Math","Gower + PAM"
"1","Mjob","other",58,57.4257425742574,"Math","Gower + PAM"
"1","Mjob","services",13,12.8712871287129,"Math","Gower + PAM"
"1","Mjob","teacher",4,3.96039603960396,"Math","Gower + PAM"
"1","Fjob","at_home",5,4.95049504950495,"Math","Gower + PAM"
"1","Fjob","health",5,4.95049504950495,"Math","Gower + PAM"
"1","Fjob","other",77,76.2376237623762,"Math","Gower + PAM"
"1","Fjob","services",9,8.91089108910891,"Math","Gower + PAM"
"1","Fjob","teacher",5,4.95049504950495,"Math","Gower + PAM"
"1","guardian","father",16,15.8415841584158,"Math","Gower + PAM"
"1","guardian","mother",77,76.2376237623762,"Math","Gower + PAM"
"1","guardian","other",8,7.92079207920792,"Math","Gower + PAM"
"2","sex_M","0",15,20,"Math","Gower + PAM"
"2","sex_M","1",60,80,"Math","Gower + PAM"
"2","address_U","0",20,26.6666666666667,"Math","Gower + PAM"
"2","address_U","1",55,73.3333333333333,"Math","Gower + PAM"
"2","famsize_LE3","0",50,66.6666666666667,"Math","Gower + PAM"
"2","famsize_LE3","1",25,33.3333333333333,"Math","Gower + PAM"
"2","Pstatus_T","0",9,12,"Math","Gower + PAM"
"2","Pstatus_T","1",66,88,"Math","Gower + PAM"
"2","famsup_yes","0",69,92,"Math","Gower + PAM"
"2","famsup_yes","1",6,8,"Math","Gower + PAM"
"2","internet_yes","0",16,21.3333333333333,"Math","Gower + PAM"
"2","internet_yes","1",59,78.6666666666667,"Math","Gower + PAM"
"2","activities_yes","0",44,58.6666666666667,"Math","Gower + PAM"
"2","activities_yes","1",31,41.3333333333333,"Math","Gower + PAM"
"2","romantic_yes","0",59,78.6666666666667,"Math","Gower + PAM"
"2","romantic_yes","1",16,21.3333333333333,"Math","Gower + PAM"
"2","Mjob","at_home",10,13.3333333333333,"Math","Gower + PAM"
"2","Mjob","health",3,4,"Math","Gower + PAM"
"2","Mjob","other",51,68,"Math","Gower + PAM"
"2","Mjob","services",10,13.3333333333333,"Math","Gower + PAM"
"2","Mjob","teacher",1,1.33333333333333,"Math","Gower + PAM"
"2","Fjob","at_home",5,6.66666666666667,"Math","Gower + PAM"
"2","Fjob","health",1,1.33333333333333,"Math","Gower + PAM"
"2","Fjob","other",47,62.6666666666667,"Math","Gower + PAM"
"2","Fjob","services",20,26.6666666666667,"Math","Gower + PAM"
"2","Fjob","teacher",2,2.66666666666667,"Math","Gower + PAM"
"2","guardian","father",18,24,"Math","Gower + PAM"
"2","guardian","mother",53,70.6666666666667,"Math","Gower + PAM"
"2","guardian","other",4,5.33333333333333,"Math","Gower + PAM"
"3","sex_M","0",63,78.75,"Math","Gower + PAM"
"3","sex_M","1",17,21.25,"Math","Gower + PAM"
"3","address_U","0",20,25,"Math","Gower + PAM"
"3","address_U","1",60,75,"Math","Gower + PAM"
"3","famsize_LE3","0",55,68.75,"Math","Gower + PAM"
"3","famsize_LE3","1",25,31.25,"Math","Gower + PAM"
"3","Pstatus_T","0",8,10,"Math","Gower + PAM"
"3","Pstatus_T","1",72,90,"Math","Gower + PAM"
"3","famsup_yes","0",26,32.5,"Math","Gower + PAM"
"3","famsup_yes","1",54,67.5,"Math","Gower + PAM"
"3","internet_yes","0",9,11.25,"Math","Gower + PAM"
"3","internet_yes","1",71,88.75,"Math","Gower + PAM"
"3","activities_yes","0",48,60,"Math","Gower + PAM"
"3","activities_yes","1",32,40,"Math","Gower + PAM"
"3","romantic_yes","0",18,22.5,"Math","Gower + PAM"
"3","romantic_yes","1",62,77.5,"Math","Gower + PAM"
"3","Mjob","at_home",16,20,"Math","Gower + PAM"
"3","Mjob","health",7,8.75,"Math","Gower + PAM"
"3","Mjob","other",10,12.5,"Math","Gower + PAM"
"3","Mjob","services",40,50,"Math","Gower + PAM"
"3","Mjob","teacher",7,8.75,"Math","Gower + PAM"
"3","Fjob","at_home",5,6.25,"Math","Gower + PAM"
"3","Fjob","health",7,8.75,"Math","Gower + PAM"
"3","Fjob","other",12,15,"Math","Gower + PAM"
"3","Fjob","services",50,62.5,"Math","Gower + PAM"
"3","Fjob","teacher",6,7.5,"Math","Gower + PAM"
"3","guardian","father",24,30,"Math","Gower + PAM"
"3","guardian","mother",48,60,"Math","Gower + PAM"
"3","guardian","other",8,10,"Math","Gower + PAM"
"4","sex_M","0",18,18.1818181818182,"Math","Gower + PAM"
"4","sex_M","1",81,81.8181818181818,"Math","Gower + PAM"
"4","address_U","0",22,22.2222222222222,"Math","Gower + PAM"
"4","address_U","1",77,77.7777777777778,"Math","Gower + PAM"
"4","famsize_LE3","0",70,70.7070707070707,"Math","Gower + PAM"
"4","famsize_LE3","1",29,29.2929292929293,"Math","Gower + PAM"
"4","Pstatus_T","0",10,10.1010101010101,"Math","Gower + PAM"
"4","Pstatus_T","1",89,89.8989898989899,"Math","Gower + PAM"
"4","famsup_yes","0",17,17.1717171717172,"Math","Gower + PAM"
"4","famsup_yes","1",82,82.8282828282828,"Math","Gower + PAM"
"4","internet_yes","0",10,10.1010101010101,"Math","Gower + PAM"
"4","internet_yes","1",89,89.8989898989899,"Math","Gower + PAM"
"4","activities_yes","0",16,16.1616161616162,"Math","Gower + PAM"
"4","activities_yes","1",83,83.8383838383838,"Math","Gower + PAM"
"4","romantic_yes","0",79,79.7979797979798,"Math","Gower + PAM"
"4","romantic_yes","1",20,20.2020202020202,"Math","Gower + PAM"
"4","Mjob","at_home",7,7.07070707070707,"Math","Gower + PAM"
"4","Mjob","health",15,15.1515151515152,"Math","Gower + PAM"
"4","Mjob","other",12,12.1212121212121,"Math","Gower + PAM"
"4","Mjob","services",22,22.2222222222222,"Math","Gower + PAM"
"4","Mjob","teacher",43,43.4343434343434,"Math","Gower + PAM"
"4","Fjob","at_home",2,2.02020202020202,"Math","Gower + PAM"
"4","Fjob","health",6,6.06060606060606,"Math","Gower + PAM"
"4","Fjob","other",56,56.5656565656566,"Math","Gower + PAM"
"4","Fjob","services",22,22.2222222222222,"Math","Gower + PAM"
"4","Fjob","teacher",13,13.1313131313131,"Math","Gower + PAM"
"4","guardian","father",25,25.2525252525253,"Math","Gower + PAM"
"4","guardian","mother",70,70.7070707070707,"Math","Gower + PAM"
"4","guardian","other",4,4.04040404040404,"Math","Gower + PAM"
"1","sex_M","0",26,66.6666666666667,"Portuguese","K-means"
"1","sex_M","1",13,33.3333333333333,"Portuguese","K-means"
"1","address_U","0",4,10.2564102564103,"Portuguese","K-means"
"1","address_U","1",35,89.7435897435898,"Portuguese","K-means"
"1","famsize_LE3","0",19,48.7179487179487,"Portuguese","K-means"
"1","famsize_LE3","1",20,51.2820512820513,"Portuguese","K-means"
"1","Pstatus_T","0",39,100,"Portuguese","K-means"
"1","famsup_yes","0",18,46.1538461538462,"Portuguese","K-means"
"1","famsup_yes","1",21,53.8461538461538,"Portuguese","K-means"
"1","internet_yes","0",6,15.3846153846154,"Portuguese","K-means"
"1","internet_yes","1",33,84.6153846153846,"Portuguese","K-means"
"1","activities_yes","0",29,74.3589743589744,"Portuguese","K-means"
"1","activities_yes","1",10,25.6410256410256,"Portuguese","K-means"
"1","romantic_yes","0",25,64.1025641025641,"Portuguese","K-means"
"1","romantic_yes","1",14,35.8974358974359,"Portuguese","K-means"
"1","Mjob","at_home",2,5.12820512820513,"Portuguese","K-means"
"1","Mjob","health",1,2.56410256410256,"Portuguese","K-means"
"1","Mjob","other",24,61.5384615384615,"Portuguese","K-means"
"1","Mjob","services",12,30.7692307692308,"Portuguese","K-means"
"1","Mjob","teacher",0,0,"Portuguese","K-means"
"1","Fjob","at_home",0,0,"Portuguese","K-means"
"1","Fjob","health",0,0,"Portuguese","K-means"
"1","Fjob","other",32,82.051282051282,"Portuguese","K-means"
"1","Fjob","services",7,17.948717948718,"Portuguese","K-means"
"1","Fjob","teacher",0,0,"Portuguese","K-means"
"1","guardian","father",4,10.2564102564103,"Portuguese","K-means"
"1","guardian","mother",35,89.7435897435898,"Portuguese","K-means"
"1","guardian","other",0,0,"Portuguese","K-means"
"2","sex_M","0",19,63.3333333333333,"Portuguese","K-means"
"2","sex_M","1",11,36.6666666666667,"Portuguese","K-means"
"2","address_U","0",9,30,"Portuguese","K-means"
"2","address_U","1",21,70,"Portuguese","K-means"
"2","famsize_LE3","0",22,73.3333333333333,"Portuguese","K-means"
"2","famsize_LE3","1",8,26.6666666666667,"Portuguese","K-means"
"2","Pstatus_T","0",7,23.3333333333333,"Portuguese","K-means"
"2","Pstatus_T","1",23,76.6666666666667,"Portuguese","K-means"
"2","famsup_yes","0",8,26.6666666666667,"Portuguese","K-means"
"2","famsup_yes","1",22,73.3333333333333,"Portuguese","K-means"
"2","internet_yes","0",8,26.6666666666667,"Portuguese","K-means"
"2","internet_yes","1",22,73.3333333333333,"Portuguese","K-means"
"2","activities_yes","0",18,60,"Portuguese","K-means"
"2","activities_yes","1",12,40,"Portuguese","K-means"
"2","romantic_yes","0",13,43.3333333333333,"Portuguese","K-means"
"2","romantic_yes","1",17,56.6666666666667,"Portuguese","K-means"
"2","Mjob","at_home",10,33.3333333333333,"Portuguese","K-means"
"2","Mjob","health",2,6.66666666666667,"Portuguese","K-means"
"2","Mjob","other",15,50,"Portuguese","K-means"
"2","Mjob","services",1,3.33333333333333,"Portuguese","K-means"
"2","Mjob","teacher",2,6.66666666666667,"Portuguese","K-means"
"2","Fjob","at_home",3,10,"Portuguese","K-means"
"2","Fjob","health",0,0,"Portuguese","K-means"
"2","Fjob","other",20,66.6666666666667,"Portuguese","K-means"
"2","Fjob","services",7,23.3333333333333,"Portuguese","K-means"
"2","Fjob","teacher",0,0,"Portuguese","K-means"
"2","guardian","father",0,0,"Portuguese","K-means"
"2","guardian","mother",0,0,"Portuguese","K-means"
"2","guardian","other",30,100,"Portuguese","K-means"
"3","sex_M","0",17,47.2222222222222,"Portuguese","K-means"
"3","sex_M","1",19,52.7777777777778,"Portuguese","K-means"
"3","address_U","0",3,8.33333333333333,"Portuguese","K-means"
"3","address_U","1",33,91.6666666666667,"Portuguese","K-means"
"3","famsize_LE3","0",25,69.4444444444444,"Portuguese","K-means"
"3","famsize_LE3","1",11,30.5555555555556,"Portuguese","K-means"
"3","Pstatus_T","0",3,8.33333333333333,"Portuguese","K-means"
"3","Pstatus_T","1",33,91.6666666666667,"Portuguese","K-means"
"3","famsup_yes","0",11,30.5555555555556,"Portuguese","K-means"
"3","famsup_yes","1",25,69.4444444444444,"Portuguese","K-means"
"3","internet_yes","0",1,2.77777777777778,"Portuguese","K-means"
"3","internet_yes","1",35,97.2222222222222,"Portuguese","K-means"
"3","activities_yes","0",16,44.4444444444444,"Portuguese","K-means"
"3","activities_yes","1",20,55.5555555555556,"Portuguese","K-means"
"3","romantic_yes","0",23,63.8888888888889,"Portuguese","K-means"
"3","romantic_yes","1",13,36.1111111111111,"Portuguese","K-means"
"3","Mjob","at_home",0,0,"Portuguese","K-means"
"3","Mjob","health",36,100,"Portuguese","K-means"
"3","Mjob","other",0,0,"Portuguese","K-means"
"3","Mjob","services",0,0,"Portuguese","K-means"
"3","Mjob","teacher",0,0,"Portuguese","K-means"
"3","Fjob","at_home",0,0,"Portuguese","K-means"
"3","Fjob","health",9,25,"Portuguese","K-means"
"3","Fjob","other",14,38.8888888888889,"Portuguese","K-means"
"3","Fjob","services",13,36.1111111111111,"Portuguese","K-means"
"3","Fjob","teacher",0,0,"Portuguese","K-means"
"3","guardian","father",15,41.6666666666667,"Portuguese","K-means"
"3","guardian","mother",21,58.3333333333333,"Portuguese","K-means"
"3","guardian","other",0,0,"Portuguese","K-means"
"4","sex_M","0",92,54.1176470588235,"Portuguese","K-means"
"4","sex_M","1",78,45.8823529411765,"Portuguese","K-means"
"4","address_U","0",65,38.2352941176471,"Portuguese","K-means"
"4","address_U","1",105,61.7647058823529,"Portuguese","K-means"
"4","famsize_LE3","0",131,77.0588235294118,"Portuguese","K-means"
"4","famsize_LE3","1",39,22.9411764705882,"Portuguese","K-means"
"4","Pstatus_T","1",170,100,"Portuguese","K-means"
"4","famsup_yes","0",81,47.6470588235294,"Portuguese","K-means"
"4","famsup_yes","1",89,52.3529411764706,"Portuguese","K-means"
"4","internet_yes","0",43,25.2941176470588,"Portuguese","K-means"
"4","internet_yes","1",127,74.7058823529412,"Portuguese","K-means"
"4","activities_yes","0",91,53.5294117647059,"Portuguese","K-means"
"4","activities_yes","1",79,46.4705882352941,"Portuguese","K-means"
"4","romantic_yes","0",113,66.4705882352941,"Portuguese","K-means"
"4","romantic_yes","1",57,33.5294117647059,"Portuguese","K-means"
"4","Mjob","at_home",0,0,"Portuguese","K-means"
"4","Mjob","health",0,0,"Portuguese","K-means"
"4","Mjob","other",170,100,"Portuguese","K-means"
"4","Mjob","services",0,0,"Portuguese","K-means"
"4","Mjob","teacher",0,0,"Portuguese","K-means"
"4","Fjob","at_home",0,0,"Portuguese","K-means"
"4","Fjob","health",2,1.17647058823529,"Portuguese","K-means"
"4","Fjob","other",128,75.2941176470588,"Portuguese","K-means"
"4","Fjob","services",40,23.5294117647059,"Portuguese","K-means"
"4","Fjob","teacher",0,0,"Portuguese","K-means"
"4","guardian","father",53,31.1764705882353,"Portuguese","K-means"
"4","guardian","mother",117,68.8235294117647,"Portuguese","K-means"
"4","guardian","other",0,0,"Portuguese","K-means"
"5","sex_M","0",26,70.2702702702703,"Portuguese","K-means"
"5","sex_M","1",11,29.7297297297297,"Portuguese","K-means"
"5","address_U","0",6,16.2162162162162,"Portuguese","K-means"
"5","address_U","1",31,83.7837837837838,"Portuguese","K-means"
"5","famsize_LE3","0",23,62.1621621621622,"Portuguese","K-means"
"5","famsize_LE3","1",14,37.8378378378378,"Portuguese","K-means"
"5","Pstatus_T","0",4,10.8108108108108,"Portuguese","K-means"
"5","Pstatus_T","1",33,89.1891891891892,"Portuguese","K-means"
"5","famsup_yes","0",14,37.8378378378378,"Portuguese","K-means"
"5","famsup_yes","1",23,62.1621621621622,"Portuguese","K-means"
"5","internet_yes","0",16,43.2432432432432,"Portuguese","K-means"
"5","internet_yes","1",21,56.7567567567568,"Portuguese","K-means"
"5","activities_yes","0",13,35.1351351351351,"Portuguese","K-means"
"5","activities_yes","1",24,64.8648648648649,"Portuguese","K-means"
"5","romantic_yes","0",23,62.1621621621622,"Portuguese","K-means"
"5","romantic_yes","1",14,37.8378378378378,"Portuguese","K-means"
"5","Mjob","at_home",15,40.5405405405405,"Portuguese","K-means"
"5","Mjob","health",2,5.4054054054054,"Portuguese","K-means"
"5","Mjob","other",12,32.4324324324324,"Portuguese","K-means"
"5","Mjob","services",8,21.6216216216216,"Portuguese","K-means"
"5","Mjob","teacher",0,0,"Portuguese","K-means"
"5","Fjob","at_home",37,100,"Portuguese","K-means"
"5","Fjob","health",0,0,"Portuguese","K-means"
"5","Fjob","other",0,0,"Portuguese","K-means"
"5","Fjob","services",0,0,"Portuguese","K-means"
"5","Fjob","teacher",0,0,"Portuguese","K-means"
"5","guardian","father",12,32.4324324324324,"Portuguese","K-means"
"5","guardian","mother",25,67.5675675675676,"Portuguese","K-means"
"5","guardian","other",0,0,"Portuguese","K-means"
"6","sex_M","0",53,53.5353535353535,"Portuguese","K-means"
"6","sex_M","1",46,46.4646464646465,"Portuguese","K-means"
"6","address_U","0",26,26.2626262626263,"Portuguese","K-means"
"6","address_U","1",73,73.7373737373737,"Portuguese","K-means"
"6","famsize_LE3","0",71,71.7171717171717,"Portuguese","K-means"
"6","famsize_LE3","1",28,28.2828282828283,"Portuguese","K-means"
"6","Pstatus_T","0",3,3.03030303030303,"Portuguese","K-means"
"6","Pstatus_T","1",96,96.969696969697,"Portuguese","K-means"
"6","famsup_yes","0",27,27.2727272727273,"Portuguese","K-means"
"6","famsup_yes","1",72,72.7272727272727,"Portuguese","K-means"
"6","internet_yes","0",11,11.1111111111111,"Portuguese","K-means"
"6","internet_yes","1",88,88.8888888888889,"Portuguese","K-means"
"6","activities_yes","0",44,44.4444444444444,"Portuguese","K-means"
"6","activities_yes","1",55,55.5555555555556,"Portuguese","K-means"
"6","romantic_yes","0",73,73.7373737373737,"Portuguese","K-means"
"6","romantic_yes","1",26,26.2626262626263,"Portuguese","K-means"
"6","Mjob","at_home",0,0,"Portuguese","K-means"
"6","Mjob","health",0,0,"Portuguese","K-means"
"6","Mjob","other",0,0,"Portuguese","K-means"
"6","Mjob","services",99,100,"Portuguese","K-means"
"6","Mjob","teacher",0,0,"Portuguese","K-means"
"6","Fjob","at_home",0,0,"Portuguese","K-means"
"6","Fjob","health",4,4.04040404040404,"Portuguese","K-means"
"6","Fjob","other",42,42.4242424242424,"Portuguese","K-means"
"6","Fjob","services",53,53.5353535353535,"Portuguese","K-means"
"6","Fjob","teacher",0,0,"Portuguese","K-means"
"6","guardian","father",23,23.2323232323232,"Portuguese","K-means"
"6","guardian","mother",76,76.7676767676768,"Portuguese","K-means"
"6","guardian","other",0,0,"Portuguese","K-means"
"7","sex_M","0",19,39.5833333333333,"Portuguese","K-means"
"7","sex_M","1",29,60.4166666666667,"Portuguese","K-means"
"7","address_U","0",10,20.8333333333333,"Portuguese","K-means"
"7","address_U","1",38,79.1666666666667,"Portuguese","K-means"
"7","famsize_LE3","0",25,52.0833333333333,"Portuguese","K-means"
"7","famsize_LE3","1",23,47.9166666666667,"Portuguese","K-means"
"7","Pstatus_T","0",6,12.5,"Portuguese","K-means"
"7","Pstatus_T","1",42,87.5,"Portuguese","K-means"
"7","famsup_yes","0",15,31.25,"Portuguese","K-means"
"7","famsup_yes","1",33,68.75,"Portuguese","K-means"
"7","internet_yes","0",4,8.33333333333333,"Portuguese","K-means"
"7","internet_yes","1",44,91.6666666666667,"Portuguese","K-means"
"7","activities_yes","0",22,45.8333333333333,"Portuguese","K-means"
"7","activities_yes","1",26,54.1666666666667,"Portuguese","K-means"
"7","romantic_yes","0",35,72.9166666666667,"Portuguese","K-means"
"7","romantic_yes","1",13,27.0833333333333,"Portuguese","K-means"
"7","Mjob","at_home",0,0,"Portuguese","K-means"
"7","Mjob","health",0,0,"Portuguese","K-means"
"7","Mjob","other",0,0,"Portuguese","K-means"
"7","Mjob","services",0,0,"Portuguese","K-means"
"7","Mjob","teacher",48,100,"Portuguese","K-means"
"7","Fjob","at_home",2,4.16666666666667,"Portuguese","K-means"
"7","Fjob","health",5,10.4166666666667,"Portuguese","K-means"
"7","Fjob","other",25,52.0833333333333,"Portuguese","K-means"
"7","Fjob","services",16,33.3333333333333,"Portuguese","K-means"
"7","Fjob","teacher",0,0,"Portuguese","K-means"
"7","guardian","father",6,12.5,"Portuguese","K-means"
"7","guardian","mother",42,87.5,"Portuguese","K-means"
"7","guardian","other",0,0,"Portuguese","K-means"
"8","sex_M","0",67,74.4444444444444,"Portuguese","K-means"
"8","sex_M","1",23,25.5555555555556,"Portuguese","K-means"
"8","address_U","0",45,50,"Portuguese","K-means"
"8","address_U","1",45,50,"Portuguese","K-means"
"8","famsize_LE3","0",64,71.1111111111111,"Portuguese","K-means"
"8","famsize_LE3","1",26,28.8888888888889,"Portuguese","K-means"
"8","Pstatus_T","0",4,4.44444444444444,"Portuguese","K-means"
"8","Pstatus_T","1",86,95.5555555555556,"Portuguese","K-means"
"8","famsup_yes","0",41,45.5555555555556,"Portuguese","K-means"
"8","famsup_yes","1",49,54.4444444444444,"Portuguese","K-means"
"8","internet_yes","0",45,50,"Portuguese","K-means"
"8","internet_yes","1",45,50,"Portuguese","K-means"
"8","activities_yes","0",55,61.1111111111111,"Portuguese","K-means"
"8","activities_yes","1",35,38.8888888888889,"Portuguese","K-means"
"8","romantic_yes","0",60,66.6666666666667,"Portuguese","K-means"
"8","romantic_yes","1",30,33.3333333333333,"Portuguese","K-means"
"8","Mjob","at_home",90,100,"Portuguese","K-means"
"8","Mjob","health",0,0,"Portuguese","K-means"
"8","Mjob","other",0,0,"Portuguese","K-means"
"8","Mjob","services",0,0,"Portuguese","K-means"
"8","Mjob","teacher",0,0,"Portuguese","K-means"
"8","Fjob","at_home",0,0,"Portuguese","K-means"
"8","Fjob","health",1,1.11111111111111,"Portuguese","K-means"
"8","Fjob","other",63,70,"Portuguese","K-means"
"8","Fjob","services",26,28.8888888888889,"Portuguese","K-means"
"8","Fjob","teacher",0,0,"Portuguese","K-means"
"8","guardian","father",16,17.7777777777778,"Portuguese","K-means"
"8","guardian","mother",74,82.2222222222222,"Portuguese","K-means"
"8","guardian","other",0,0,"Portuguese","K-means"
"9","sex_M","0",15,50,"Portuguese","K-means"
"9","sex_M","1",15,50,"Portuguese","K-means"
"9","address_U","0",8,26.6666666666667,"Portuguese","K-means"
"9","address_U","1",22,73.3333333333333,"Portuguese","K-means"
"9","famsize_LE3","0",26,86.6666666666667,"Portuguese","K-means"
"9","famsize_LE3","1",4,13.3333333333333,"Portuguese","K-means"
"9","Pstatus_T","0",4,13.3333333333333,"Portuguese","K-means"
"9","Pstatus_T","1",26,86.6666666666667,"Portuguese","K-means"
"9","famsup_yes","0",9,30,"Portuguese","K-means"
"9","famsup_yes","1",21,70,"Portuguese","K-means"
"9","internet_yes","0",6,20,"Portuguese","K-means"
"9","internet_yes","1",24,80,"Portuguese","K-means"
"9","activities_yes","0",15,50,"Portuguese","K-means"
"9","activities_yes","1",15,50,"Portuguese","K-means"
"9","romantic_yes","0",14,46.6666666666667,"Portuguese","K-means"
"9","romantic_yes","1",16,53.3333333333333,"Portuguese","K-means"
"9","Mjob","at_home",2,6.66666666666667,"Portuguese","K-means"
"9","Mjob","health",1,3.33333333333333,"Portuguese","K-means"
"9","Mjob","other",8,26.6666666666667,"Portuguese","K-means"
"9","Mjob","services",5,16.6666666666667,"Portuguese","K-means"
"9","Mjob","teacher",14,46.6666666666667,"Portuguese","K-means"
"9","Fjob","at_home",0,0,"Portuguese","K-means"
"9","Fjob","health",0,0,"Portuguese","K-means"
"9","Fjob","other",0,0,"Portuguese","K-means"
"9","Fjob","services",0,0,"Portuguese","K-means"
"9","Fjob","teacher",30,100,"Portuguese","K-means"
"9","guardian","father",10,33.3333333333333,"Portuguese","K-means"
"9","guardian","mother",20,66.6666666666667,"Portuguese","K-means"
"9","guardian","other",0,0,"Portuguese","K-means"
"1","sex_M","0",280,78.6516853932584,"Portuguese","Gower + PAM"
"1","sex_M","1",76,21.3483146067416,"Portuguese","Gower + PAM"
"1","address_U","0",103,28.9325842696629,"Portuguese","Gower + PAM"
"1","address_U","1",253,71.0674157303371,"Portuguese","Gower + PAM"
"1","famsize_LE3","0",256,71.9101123595506,"Portuguese","Gower + PAM"
"1","famsize_LE3","1",100,28.0898876404494,"Portuguese","Gower + PAM"
"1","Pstatus_T","0",56,15.7303370786517,"Portuguese","Gower + PAM"
"1","Pstatus_T","1",300,84.2696629213483,"Portuguese","Gower + PAM"
"1","famsup_yes","0",87,24.438202247191,"Portuguese","Gower + PAM"
"1","famsup_yes","1",269,75.561797752809,"Portuguese","Gower + PAM"
"1","internet_yes","0",90,25.2808988764045,"Portuguese","Gower + PAM"
"1","internet_yes","1",266,74.7191011235955,"Portuguese","Gower + PAM"
"1","activities_yes","0",250,70.2247191011236,"Portuguese","Gower + PAM"
"1","activities_yes","1",106,29.7752808988764,"Portuguese","Gower + PAM"
"1","romantic_yes","0",226,63.4831460674157,"Portuguese","Gower + PAM"
"1","romantic_yes","1",130,36.5168539325843,"Portuguese","Gower + PAM"
"1","Mjob","at_home",86,24.1573033707865,"Portuguese","Gower + PAM"
"1","Mjob","health",26,7.30337078651685,"Portuguese","Gower + PAM"
"1","Mjob","other",142,39.8876404494382,"Portuguese","Gower + PAM"
"1","Mjob","services",68,19.1011235955056,"Portuguese","Gower + PAM"
"1","Mjob","teacher",34,9.55056179775281,"Portuguese","Gower + PAM"
"1","Fjob","at_home",24,6.74157303370786,"Portuguese","Gower + PAM"
"1","Fjob","health",16,4.49438202247191,"Portuguese","Gower + PAM"
"1","Fjob","other",243,68.2584269662921,"Portuguese","Gower + PAM"
"1","Fjob","services",59,16.5730337078652,"Portuguese","Gower + PAM"
"1","Fjob","teacher",14,3.93258426966292,"Portuguese","Gower + PAM"
"1","guardian","father",72,20.2247191011236,"Portuguese","Gower + PAM"
"1","guardian","mother",262,73.5955056179775,"Portuguese","Gower + PAM"
"1","guardian","other",22,6.17977528089888,"Portuguese","Gower + PAM"
"2","sex_M","0",54,24.2152466367713,"Portuguese","Gower + PAM"
"2","sex_M","1",169,75.7847533632287,"Portuguese","Gower + PAM"
"2","address_U","0",73,32.7354260089686,"Portuguese","Gower + PAM"
"2","address_U","1",150,67.2645739910314,"Portuguese","Gower + PAM"
"2","famsize_LE3","0",150,67.2645739910314,"Portuguese","Gower + PAM"
"2","famsize_LE3","1",73,32.7354260089686,"Portuguese","Gower + PAM"
"2","Pstatus_T","0",14,6.2780269058296,"Portuguese","Gower + PAM"
"2","Pstatus_T","1",209,93.7219730941704,"Portuguese","Gower + PAM"
"2","famsup_yes","0",137,61.4349775784753,"Portuguese","Gower + PAM"
"2","famsup_yes","1",86,38.5650224215247,"Portuguese","Gower + PAM"
"2","internet_yes","0",50,22.4215246636771,"Portuguese","Gower + PAM"
"2","internet_yes","1",173,77.5784753363229,"Portuguese","Gower + PAM"
"2","activities_yes","0",53,23.7668161434978,"Portuguese","Gower + PAM"
"2","activities_yes","1",170,76.2331838565022,"Portuguese","Gower + PAM"
"2","romantic_yes","0",153,68.609865470852,"Portuguese","Gower + PAM"
"2","romantic_yes","1",70,31.390134529148,"Portuguese","Gower + PAM"
"2","Mjob","at_home",33,14.7982062780269,"Portuguese","Gower + PAM"
"2","Mjob","health",16,7.17488789237668,"Portuguese","Gower + PAM"
"2","Mjob","other",87,39.0134529147982,"Portuguese","Gower + PAM"
"2","Mjob","services",57,25.5605381165919,"Portuguese","Gower + PAM"
"2","Mjob","teacher",30,13.4529147982063,"Portuguese","Gower + PAM"
"2","Fjob","at_home",18,8.07174887892377,"Portuguese","Gower + PAM"
"2","Fjob","health",5,2.24215246636771,"Portuguese","Gower + PAM"
"2","Fjob","other",81,36.322869955157,"Portuguese","Gower + PAM"
"2","Fjob","services",103,46.1883408071749,"Portuguese","Gower + PAM"
"2","Fjob","teacher",16,7.17488789237668,"Portuguese","Gower + PAM"
"2","guardian","father",67,30.0448430493274,"Portuguese","Gower + PAM"
"2","guardian","mother",148,66.3677130044843,"Portuguese","Gower + PAM"
"2","guardian","other",8,3.58744394618834,"Portuguese","Gower + PAM"
