"profile","variable","mean","sd","median","IQR","standardized_mean","dataset","method"
"1","age",16.2068965517241,1.08164261145549,16,2,-0.373529328149238,"Math","K-means"
"1","Medu",3.62068965517241,0.775232366245681,4,0,0.793956089520468,"Math","K-means"
"1","Fedu",2.93103448275862,0.961064680548112,3,2,0.34963616135605,"Math","K-means"
"1","famrel",3.75862068965517,0.98760794758248,4,1,-0.179609110748227,"Math","K-means"
"1","freetime",3.20689655172414,1.17653578492198,4,2,0.00411823783429852,"Math","K-means"
"1","goout",3.31034482758621,1.13714706536836,3,2,0.165668996657045,"Math","K-means"
"2","age",16.4102564102564,1.12163954017111,16,2,-0.206609974820911,"Math","K-means"
"2","Medu",2.84615384615385,0.869048189253482,3,1.75,0.0905245661042996,"Math","K-means"
"2","Fedu",2.62820512820513,1.0943654314879,3,2,0.0702115117338048,"Math","K-means"
"2","famrel",3.93589743589744,0.930573675733075,4,1.75,0.0163252230951975,"Math","K-means"
"2","freetime",3.16666666666667,0.931646589627938,3,1,-0.0364921630317021,"Math","K-means"
"2","goout",3.15384615384615,1.19606414149469,3,2,0.028647312287206,"Math","K-means"
"3","age",16.6083333333333,1.13237931505537,17,1.25,-0.0440268959975266,"Math","K-means"
"3","Medu",2.43333333333333,0.993536534777848,2,1,-0.284398011844341,"Math","K-means"
"3","Fedu",2.20833333333333,0.960530607330681,2,2,-0.317209745169446,"Math","K-means"
"3","famrel",3.96666666666667,0.960858626292072,4,1,0.0503327782959515,"Math","K-means"
"3","freetime",3.125,1.00888906370182,3,1,-0.0785529353572027,"Math","K-means"
"3","goout",3.13333333333333,1.18770545915352,3,2,0.010687407895227,"Math","K-means"
"4","age",16.4545454545455,1.151780936897,16,2.5,-0.170257182850987,"Math","K-means"
"4","Medu",3.90909090909091,0.348155311911395,4,0,1.05588140147742,"Math","K-means"
"4","Fedu",3.38181818181818,0.781520576040331,4,1,0.765580240987496,"Math","K-means"
"4","famrel",3.90909090909091,0.844869643083899,4,1,-0.0133025712084896,"Math","K-means"
"4","freetime",3.49090909090909,0.959797958537171,4,1,0.290817119792194,"Math","K-means"
"4","goout",3.12727272727273,1.08958954987894,3,2,0.00538107250668772,"Math","K-means"
"5","age",16.9795918367347,1.07023743312655,17,1,0.260704970717276,"Math","K-means"
"5","Medu",1.75510204081633,0.924901171407382,2,1,-0.9003660094096,"Math","K-means"
"5","Fedu",2.36734693877551,1.16715247416916,2,2,-0.170485788862887,"Math","K-means"
"5","famrel",3.89795918367347,0.847665862805614,4,1,-0.0256058611234192,"Math","K-means"
"5","freetime",3.06122448979592,0.899262736572441,3,0,-0.142931668508479,"Math","K-means"
"5","goout",3.02040816326531,1.07023743312655,3,2,-0.0881836984259224,"Math","K-means"
"6","age",18.125,1.42378857736796,19,1,1.20086489848832,"Math","K-means"
"6","Medu",2.29166666666667,1.08263634211833,2,1.25,-0.41305933129566,"Math","K-means"
"6","Fedu",2.04166666666667,1.04170289792063,2,2,-0.470995282260813,"Math","K-means"
"6","famrel",3.91666666666667,0.717281502356772,4,0,-0.00492949890527376,"Math","K-means"
"6","freetime",3.33333333333333,1.0494995356656,4,1.25,0.1317509262703,"Math","K-means"
"6","goout",2.91666666666667,1.05980583400786,3,2,-0.179014082245051,"Math","K-means"
"1","age",16.5940594059406,1.20148423062296,17,1,-0.0557430466038834,"Math","Gower + PAM"
"1","Medu",2.5049504950495,1.05473942162259,3,1,-0.219355481102498,"Math","Gower + PAM"
"1","Fedu",2.21782178217822,0.996031730378501,2,2,-0.308454627958799,"Math","Gower + PAM"
"1","famrel",3.96039603960396,0.811428272605877,4,0,0.0434021956766559,"Math","Gower + PAM"
"1","freetime",3.04950495049505,0.876084900266662,3,1,-0.154762057491526,"Math","Gower + PAM"
"1","goout",3.1980198019802,1.11373068540108,3,2,0.0673233440224082,"Math","Gower + PAM"
"2","age",16.76,1.17220051785266,17,2,0.0804622834510586,"Math","Gower + PAM"
"2","Medu",2.12,1.01288989823472,2,2,-0.568966577219023,"Math","Gower + PAM"
"2","Fedu",1.8,0.986393923832144,1,1,-0.693984311043295,"Math","Gower + PAM"
"2","famrel",3.97333333333333,0.98602852507027,4,2,0.0577010819227816,"Math","Gower + PAM"
"2","freetime",3.2,1,3,1,-0.0028435451713016,"Math","Gower + PAM"
"2","goout",3.17333333333333,1.1073871528541,3,2,0.0457092214595859,"Math","Gower + PAM"
"3","age",17.1125,1.23240785210256,17,2,0.369797024696946,"Math","Gower + PAM"
"3","Medu",2.8,0.973054696837734,3,2,0.0486077561473088,"Math","Gower + PAM"
"3","Fedu",2.8875,0.980748228959704,3,2,0.309466318477874,"Math","Gower + PAM"
"3","famrel",3.875,0.89123722850224,4,1,-0.0509813965729614,"Math","Gower + PAM"
"3","freetime",2.85,0.929134618470599,3,1,-0.356154032705507,"Math","Gower + PAM"
"3","goout",2.825,1.1448840525009,3,2,-0.259272404996707,"Math","Gower + PAM"
"4","age",16.2929292929293,1.14510961290251,16,2,-0.302912985127202,"Math","Gower + PAM"
"4","Medu",3.42424242424242,0.937766659664191,4,1,0.61554319586863,"Math","Gower + PAM"
"4","Fedu",3.19191919191919,0.816622807500472,3,1,0.590357932059151,"Math","Gower + PAM"
"4","famrel",3.87878787878788,0.950539344994298,4,2,-0.0467948604213535,"Math","Gower + PAM"
"4","freetime",3.64646464646465,0.992966400084392,4,1,0.447844003140729,"Math","Gower + PAM"
"4","goout",3.24242424242424,1.17012914942971,3,2,0.106201444888933,"Math","Gower + PAM"
"1","age",16.4761904761905,1.06469038756368,16,1,-0.18223550751061,"Portuguese","K-means"
"1","Medu",3.61904761904762,0.794873235863275,4,0,0.996735348822463,"Portuguese","K-means"
"1","Fedu",2.80952380952381,1.10956144353535,3,2,0.452848730294154,"Portuguese","K-means"
"1","famrel",3.83333333333333,0.934870974967882,4,1.75,-0.094551552825686,"Portuguese","K-means"
"1","freetime",3.04761904761905,0.986553027325901,3,2,-0.0934937353542327,"Portuguese","K-means"
"1","goout",3.42857142857143,1.08521903246859,3.5,1.75,0.197540474063799,"Portuguese","K-means"
"2","age",16.568,1.22036483175346,17,3,-0.101700399094068,"Portuguese","K-means"
"2","Medu",2.744,0.84150402985254,3,1,0.222706513131072,"Portuguese","K-means"
"2","Fedu",2.576,1.02598497127898,2,1,0.237791708990106,"Portuguese","K-means"
"2","famrel",3.96,0.953770108230929,4,1,0.040097202208019,"Portuguese","K-means"
"2","freetime",3.08,1.059519063142,3,1,-0.0629710541903286,"Portuguese","K-means"
"2","goout",3.272,1.20064498795305,3,2,0.0650288205825075,"Portuguese","K-means"
"3","age",16.6986899563319,1.07240017526456,17,1,0.0129405375475083,"Portuguese","K-means"
"3","Medu",2.18340611353712,0.978490027272241,2,2,-0.273170309786109,"Portuguese","K-means"
"3","Fedu",2.07423580786026,0.968218637558521,2,2,-0.224293560938665,"Portuguese","K-means"
"3","famrel",3.92576419213974,0.977236506565735,4,1,0.00370397400309196,"Portuguese","K-means"
"3","freetime",3.1703056768559,1.07270374624333,3,1,0.022152179664413,"Portuguese","K-means"
"3","goout",3.23580786026201,1.21262795589234,3,2,0.0343981983581003,"Portuguese","K-means"
"4","age",16.65625,1.12994942996831,17,2,-0.0242876969815386,"Portuguese","K-means"
"4","Medu",3.953125,0.213042025811587,4,0,1.29224558230077,"Portuguese","K-means"
"4","Fedu",3.34375,0.83985542973606,4,1,0.9448289419081,"Portuguese","K-means"
"4","famrel",3.875,0.951189731211342,4,0.25,-0.0502591991961778,"Portuguese","K-means"
"4","freetime",3.296875,1.03401954941453,3,1.25,0.141457969377108,"Portuguese","K-means"
"4","goout",3.03125,1.12643206912321,3,2,-0.138725982363977,"Portuguese","K-means"
"5","age",16.8655462184874,1.19974834753878,17,2,0.159306476560031,"Portuguese","K-means"
"5","Medu",1.63865546218487,0.908818309273508,1,1,-0.755032900152587,"Portuguese","K-means"
"5","Fedu",1.78991596638655,0.964399783301017,2,1,-0.486129723725058,"Portuguese","K-means"
"5","famrel",3.9327731092437,0.860932608604701,4,0,0.0111545684413755,"Portuguese","K-means"
"5","freetime",3.12605042016807,1.08576788299403,3,1,-0.0195633657530805,"Portuguese","K-means"
"5","goout",3.04201680672269,1.15270468959316,3,2,-0.129613672573138,"Portuguese","K-means"
"1","age",16.7162921348315,1.13130300746464,17,2,0.0283811290570809,"Portuguese","Gower + PAM"
"1","Medu",2.46629213483146,1.129122188797,2,1.25,-0.0229417131593984,"Portuguese","Gower + PAM"
"1","Fedu",2.20786516853933,1.07810211114298,2,2,-0.101231452946316,"Portuguese","Gower + PAM"
"1","famrel",3.88202247191011,0.959819442850515,4,0,-0.0427941957754743,"Portuguese","Gower + PAM"
"1","freetime",2.95786516853933,1.01032413921291,3,2,-0.17809683788637,"Portuguese","Gower + PAM"
"1","goout",3.1123595505618,1.14511284637044,3,2,-0.0700802482339787,"Portuguese","Gower + PAM"
"2","age",16.6322869955157,1.15440311325515,17,1.5,-0.0453079907817052,"Portuguese","Gower + PAM"
"2","Medu",2.53363228699552,1.13403083566989,2,2,0.0366244389450487,"Portuguese","Gower + PAM"
"2","Fedu",2.4932735426009,1.07749273176182,2,1,0.161607162551069,"Portuguese","Gower + PAM"
"2","famrel",3.98654708520179,0.907822960812514,4,1,0.0683171914621914,"Portuguese","Gower + PAM"
"2","freetime",3.44843049327354,1.07208005002451,4,1,0.284316028195282,"Portuguese","Gower + PAM"
"2","goout",3.32735426008969,1.2286063646098,3,2,0.111876988212092,"Portuguese","Gower + PAM"
