"profile","n","mean","sd","median","IQR","dataset","method"
"1",29,1.79310344827586,0.807523124163707,1.5,1.5,"Math","K-means"
"2",78,1.91666666666667,1.02062072615966,1.5,1.5,"Math","K-means"
"3",120,1.95,1.04197614450346,1.5,1.5,"Math","K-means"
"4",55,1.95454545454545,1.0150384378451,1.5,1.5,"Math","K-means"
"5",49,1.86734693877551,0.888441461939118,1.5,1.5,"Math","K-means"
"6",24,1.625,0.726067430094119,1.5,1,"Math","K-means"
"1",101,1.68811881188119,0.833221114556379,1.5,1,"Math","Gower + PAM"
"2",75,2.16666666666667,1.03758208185019,2,1.75,"Math","Gower + PAM"
"3",80,1.825,0.907423672558187,1.5,1.5,"Math","Gower + PAM"
"4",99,1.96464646464646,1.06486687213474,1.5,1.5,"Math","Gower + PAM"
"1",42,1.80952380952381,0.780496878576757,1.5,1.5,"Portuguese","K-means"
"2",125,2.024,1.0792321045465,2,1.5,"Portuguese","K-means"
"3",229,1.8471615720524,0.973667904725351,1.5,1.5,"Portuguese","K-means"
"4",64,1.984375,1.03497852903119,1.75,1.5,"Portuguese","K-means"
"5",119,1.81512605042017,0.945250272254381,1.5,1.5,"Portuguese","K-means"
"1",356,1.70084269662921,0.838156506933834,1.5,1,"Portuguese","Gower + PAM"
"2",223,2.19506726457399,1.12258664865719,2,2,"Portuguese","Gower + PAM"
