"model","MAE","RMSE","R2","CV_MAE","dataset","n_train","n_test","lambda","selected"
"Training mean",0.789022460054266,0.964676989865612,-0.00173550239680975,0.793740513417527,"Math",248,107,NA,FALSE
"Training median",0.771028037383177,1.05347666519584,-0.194645543437382,0.756048387096774,"Math",248,107,NA,FALSE
"Ordinary regression",0.6700577227043,0.817810200342442,0.280063366509526,0.6862696788937,"Math",248,107,NA,FALSE
"Ridge",0.665772684214471,0.816488770792971,0.282388054907643,0.683226130810853,"Math",248,107,0.0630215183214562,FALSE
"LASSO",0.660680032544293,0.820747283607224,0.274882920315123,0.675936207879871,"Math",248,107,0.020162267253993,TRUE
"Training mean",0.792755782602526,0.979153940061164,-0.00147100798192379,0.794124371284865,"Portuguese",405,174,NA,FALSE
"Training median",0.755747126436782,1.04427833520538,-0.139118659271845,0.755555555555555,"Portuguese",405,174,NA,FALSE
"Ordinary regression",0.703529445821248,0.882072657565926,0.187272135847135,0.706739784940757,"Portuguese",405,174,NA,FALSE
"Ridge",0.700355429223657,0.876054793053691,0.198323838460898,0.70307913888664,"Portuguese",405,174,0.0948147507345277,FALSE
"LASSO",0.683383359756957,0.854143482525828,0.237924337433844,0.70024310894323,"Portuguese",405,174,0.0332912769060741,TRUE
