"model","lambda","MAE","SE","dataset"
"Ridge",328.594718850396,0.79352720198838,0.045945982093255,"Math"
"Ridge",299.403269672721,0.793391699770047,0.0459546143806557,"Math"
"Ridge",272.805108384986,0.793073372790412,0.0459944167423547,"Math"
"Ridge",248.569854438448,0.792925422459933,0.0459317690485994,"Math"
"Ridge",226.487593657363,0.792846370515891,0.0459307741250493,"Math"
"Ridge",206.367060062808,0.792759696161742,0.0459296818771862,"Math"
"Ridge",188.033979218278,0.79266467343988,0.0459284827490203,"Math"
"Ridge",171.329558747889,0.792560509090454,0.0459271662491789,"Math"
"Ridge",156.109112952777,0.79244633667399,0.0459257208516346,"Math"
"Ridge",142.240809612797,0.792321210265386,0.0459241338932624,"Math"
"Ridge",129.604528118895,0.792184097695563,0.0459223914613462,"Math"
"Ridge",118.090819045859,0.792033873327695,0.0459204782701211,"Math"
"Ridge",107.599956153761,0.791869310348805,0.0459183775269862,"Math"
"Ridge",98.0410726069665,0.791689072905306,0.0459160708320844,"Math"
"Ridge",89.3313739290823,0.791491706763663,0.0459135377915821,"Math"
"Ridge",81.395420876806,0.791275631625353,0.0459107557995546,"Math"
"Ridge",74.1644760212908,0.791039127942245,0.0459077013258702,"Math"
"Ridge",67.5759083774204,0.790780331913293,0.0459043468154154,"Math"
"Ridge",61.5726509241782,0.790497222545045,0.0459006629358486,"Math"
"Ridge",56.1027063174111,0.79018761130423,0.0458966173168576,"Math"
"Ridge",51.1186965137102,0.789849131637433,0.0458921744438422,"Math"
"Ridge",46.5774524044634,0.789479228271643,0.0458872953724442,"Math"
"Ridge",42.4396399056889,0.789075146659026,0.0458819374247213,"Math"
"Ridge",38.6694192650164,0.788633922771419,0.045876053868427,"Math"
"Ridge",35.2341346348978,0.788152373494664,0.0458695935819531,"Math"
"Ridge",32.1040312232777,0.787627087923043,0.0458625007089302,"Math"
"Ridge",29.2519975718194,0.787054419909584,0.045854714308337,"Math"
"Ridge",26.6533307294226,0.786430482288475,0.0458461680083366,"Math"
"Ridge",24.2855222870783,0.785751143250318,0.0458367896750294,"Math"
"Ridge",22.1280634207984,0.785012025418147,0.0458265011109833,"Math"
"Ridge",20.162267253993,0.784208508239906,0.0458152178028938,"Math"
"Ridge",18.3711070006854,0.783335734378595,0.0458028487430963,"Math"
"Ridge",16.739068487637,0.782388620840869,0.0457892963560064,"Math"
"Ridge",15.2520157780013,0.781361875633592,0.0457744565679015,"Math"
"Ridge",13.8970687326006,0.780250020770106,0.0457582190667549,"Math"
"Ridge",12.6624914483227,0.779047422456772,0.0457404678079711,"Math"
"Ridge",11.5375906073426,0.777748329268075,0.0457210818315788,"Math"
"Ridge",10.5126228567184,0.776346919056841,0.045699936466318,"Math"
"Ridge",9.57871041613025,0.774837355236449,0.0456769050054724,"Math"
"Ridge",8.72776418279339,0.773241903234822,0.0456316578264839,"Math"
"Ridge",7.95241366752007,0.771577662536986,0.0455475438267842,"Math"
"Ridge",7.24594315506808,0.769793067721837,0.045457563224099,"Math"
"Ridge",6.60223353582799,0.767883043446543,0.0453615125758232,"Math"
"Ridge",6.01570930502315,0.765842897082629,0.0452592199813611,"Math"
"Ridge",5.48129027035448,0.763690527997278,0.0451481895178949,"Math"
"Ridge",4.99434754980521,0.761445881162423,0.0450262427605835,"Math"
"Ridge",4.55066347847915,0.759074884704848,0.0448971758917242,"Math"
"Ridge",4.14639507720516,0.756564803655641,0.0447622693833455,"Math"
"Ridge",3.77804076648995,0.753966989965619,0.0446182046322415,"Math"
"Ridge",3.44241003751166,0.751311794433351,0.0444865484278382,"Math"
"Ridge",3.13659581745875,0.748638771945987,0.0444007961264243,"Math"
"Ridge",2.85794928985603,0.745880545240463,0.0442820273960611,"Math"
"Ridge",2.60405695178353,0.74318611998062,0.0440938633396256,"Math"
"Ridge",2.37271970926878,0.740490600179427,0.0438887206019041,"Math"
"Ridge",2.16193382978688,0.737928221561989,0.0436432544748869,"Math"
"Ridge",1.96987358688793,0.735429638175705,0.0434111587809792,"Math"
"Ridge",1.79487544662791,0.732901782412429,0.0432202401651264,"Math"
"Ridge",1.63542365883351,0.730349698449644,0.0430708092156635,"Math"
"Ridge",1.49013712839922,0.727731391385386,0.0429263561787498,"Math"
"Ridge",1.35775745290225,0.725135189419779,0.0427721885637357,"Math"
"Ridge",1.23713802292276,0.722576182339854,0.0426375022229452,"Math"
"Ridge",1.12723409066157,0.720054997900756,0.042451822133437,"Math"
"Ridge",1.02709372083453,0.717605905995236,0.0422317282469964,"Math"
"Ridge",0.935849545464507,0.715186079956134,0.0420579773847727,"Math"
"Ridge",0.852711251154868,0.712814398355164,0.0419391744551622,"Math"
"Ridge",0.776958733772957,0.71044079446995,0.0418321631889461,"Math"
"Ridge",0.707935861252568,0.708143006354401,0.041682544265415,"Math"
"Ridge",0.645044790491882,0.705895987076451,0.0415181455759417,"Math"
"Ridge",0.587740789122522,0.703771684988283,0.0413692685165421,"Math"
"Ridge",0.535527517298369,0.701711873959638,0.0412388470131883,"Math"
"Ridge",0.487952728637268,0.699705888342892,0.0411305433476606,"Math"
"Ridge",0.444604353079206,0.697819957820413,0.0410507829410712,"Math"
"Ridge",0.405106927732594,0.696056370120261,0.0409925336863599,"Math"
"Ridge",0.369118344794308,0.694441430059987,0.040961178027445,"Math"
"Ridge",0.336326888375569,0.692966606605618,0.0409552124565237,"Math"
"Ridge",0.30644853456803,0.691546736819476,0.0409688428854043,"Math"
"Ridge",0.279224491364559,0.690188464957249,0.0410008973111099,"Math"
"Ridge",0.254418957126678,0.688968931560399,0.0410358939502177,"Math"
"Ridge",0.231817078183572,0.688032636159247,0.041068709145054,"Math"
"Ridge",0.211223087872383,0.687215318785048,0.0411234678828218,"Math"
"Ridge",0.192458610901025,0.686524331231463,0.0412423967628599,"Math"
"Ridge",0.175361118346736,0.685913825778205,0.0413924162151856,"Math"
"Ridge",0.159782519908307,0.685344020086872,0.0415461391053646,"Math"
"Ridge",0.145587881218731,0.68488058810434,0.0417441974553481,"Math"
"Ridge",0.132654255108273,0.684465701796937,0.0419482146207504,"Math"
"Ridge",0.120869616694902,0.684083795031545,0.0421486663845483,"Math"
"Ridge",0.110131893078349,0.683799261037252,0.0423469537372709,"Math"
"Ridge",0.100348079233485,0.683600472395532,0.0425706341040409,"Math"
"Ridge",0.0914334324452778,0.683442785830523,0.0427968571690124,"Math"
"Ridge",0.0833107383079387,0.683309376523159,0.0430107765859023,"Math"
"Ridge",0.0759096419306777,0.683269419130373,0.043164622444996,"Math"
"Ridge",0.0691660385572962,0.683242833668728,0.0433093279911454,"Math"
"Ridge",0.0630215183214562,0.683226130810853,0.04344811701289,"Math"
"Ridge",0.0574228603283608,0.683227397809928,0.0435812797529657,"Math"
"Ridge",0.052321571680824,0.683278802316248,0.0437096326870369,"Math"
"Ridge",0.0476734674569938,0.6833429101481,0.0438327367552151,"Math"
"Ridge",0.0434382880016965,0.68340513300834,0.0439493122821815,"Math"
"Ridge",0.0395793502165642,0.683489833855384,0.0440601249543379,"Math"
"Ridge",0.0360632298285848,0.683571117050963,0.0441647884550282,"Math"
"Ridge",0.0328594718850397,0.683586460062613,0.0442599617882432,"Math"
"LASSO",0.328594718850396,0.790601504700807,0.046195738276294,"Math"
"LASSO",0.299403269672721,0.786747916316867,0.0465013624377006,"Math"
"LASSO",0.272805108384986,0.779092887382245,0.046929737618088,"Math"
"LASSO",0.248569854438449,0.771061824887166,0.0461160671900517,"Math"
"LASSO",0.226487593657363,0.763447314978379,0.0455100585580311,"Math"
"LASSO",0.206367060062808,0.755887831662497,0.0450173606948747,"Math"
"LASSO",0.188033979218278,0.748024945134986,0.0445724106487187,"Math"
"LASSO",0.171329558747889,0.740778137366723,0.044109387282708,"Math"
"LASSO",0.156109112952777,0.734395432778582,0.0437812618367718,"Math"
"LASSO",0.142240809612797,0.728865184779218,0.043533582342057,"Math"
"LASSO",0.129604528118895,0.723970178457871,0.0433336953832851,"Math"
"LASSO",0.118090819045859,0.71968339293292,0.0429296897264662,"Math"
"LASSO",0.107599956153761,0.715391037392197,0.0424269365779855,"Math"
"LASSO",0.0980410726069665,0.711734270781272,0.041891050461066,"Math"
"LASSO",0.0893313739290824,0.708663312582504,0.041501580901936,"Math"
"LASSO",0.081395420876806,0.705241556916676,0.0412894567438176,"Math"
"LASSO",0.0741644760212908,0.701765734650495,0.0410822345921683,"Math"
"LASSO",0.0675759083774205,0.698328871731165,0.0411026997382773,"Math"
"LASSO",0.0615726509241782,0.695439843834182,0.0411336080390204,"Math"
"LASSO",0.0561027063174111,0.692585286178384,0.0412235354252792,"Math"
"LASSO",0.0511186965137102,0.689664901520855,0.0413323021521946,"Math"
"LASSO",0.0465774524044634,0.687148174146573,0.0412903732558582,"Math"
"LASSO",0.0424396399056889,0.684771990113024,0.0413827127761031,"Math"
"LASSO",0.0386694192650164,0.682746923957887,0.0415572090576523,"Math"
"LASSO",0.0352341346348978,0.681119727929922,0.041749177845194,"Math"
"LASSO",0.0321040312232777,0.679652925813655,0.0419796739951662,"Math"
"LASSO",0.0292519975718194,0.678399052421831,0.0421782471971073,"Math"
"LASSO",0.0266533307294226,0.677350602968929,0.0423203986248019,"Math"
"LASSO",0.0242855222870783,0.676522903216441,0.0424813655165653,"Math"
"LASSO",0.0221280634207984,0.675951558011114,0.0426524720016202,"Math"
"LASSO",0.020162267253993,0.675936207879871,0.0427731981290429,"Math"
"LASSO",0.0183711070006854,0.675955401758918,0.0429617852966647,"Math"
"LASSO",0.016739068487637,0.67611617155248,0.0431823520442266,"Math"
"LASSO",0.0152520157780013,0.676270492930964,0.0433857986801713,"Math"
"LASSO",0.0138970687326006,0.676391384078871,0.0435805188156496,"Math"
"LASSO",0.0126624914483227,0.676471696262787,0.0437607461725361,"Math"
"LASSO",0.0115375906073426,0.676533639827598,0.0439125173447071,"Math"
"LASSO",0.0105126228567184,0.676570750099001,0.0440401742537315,"Math"
"LASSO",0.00957871041613026,0.676615722633787,0.04416017782341,"Math"
"LASSO",0.00872776418279339,0.676794399987105,0.0442788236030157,"Math"
"LASSO",0.00795241366752008,0.677014256207008,0.0443806012608523,"Math"
"LASSO",0.00724594315506808,0.677350909440821,0.0444721610172492,"Math"
"LASSO",0.006602233535828,0.677892092408753,0.0444955885568716,"Math"
"LASSO",0.00601570930502315,0.678432277372579,0.0445219071838207,"Math"
"LASSO",0.00548129027035449,0.678932097857934,0.0445487800316589,"Math"
"LASSO",0.00499434754980521,0.679451649114883,0.0445818295159559,"Math"
"LASSO",0.00455066347847915,0.679939480245114,0.0446219540545498,"Math"
"LASSO",0.00414639507720516,0.680377290195762,0.0446619945994103,"Math"
"LASSO",0.00377804076648996,0.680764043880926,0.0446955869899014,"Math"
"LASSO",0.00344241003751166,0.68113458744939,0.0447259947324615,"Math"
"LASSO",0.00313659581745875,0.681503129284612,0.0447552397859524,"Math"
"LASSO",0.00285794928985603,0.681872261387476,0.044792383755172,"Math"
"LASSO",0.00260405695178353,0.682235828488561,0.0448302599864626,"Math"
"LASSO",0.00237271970926878,0.682578018236709,0.0448568449842466,"Math"
"LASSO",0.00216193382978688,0.682885846556559,0.044884338332655,"Math"
"LASSO",0.00196987358688793,0.683177207877865,0.0449136461367211,"Math"
"LASSO",0.00179487544662791,0.683457118476679,0.0449325066263031,"Math"
"LASSO",0.00163542365883351,0.683707576100216,0.0449513776692413,"Math"
"LASSO",0.00149013712839922,0.683937142234855,0.04497015528048,"Math"
"LASSO",0.00135775745290225,0.684145575282802,0.0449890594077615,"Math"
"LASSO",0.00123713802292276,0.684328157286946,0.0450069949403065,"Math"
"LASSO",0.00112723409066157,0.684500067997597,0.0450224103604566,"Math"
"LASSO",0.00102709372083453,0.684652864885636,0.0450353750216871,"Math"
"LASSO",0.000935849545464507,0.684790377666518,0.045048782508417,"Math"
"LASSO",0.000852711251154868,0.684920068177309,0.0450605182299257,"Math"
"LASSO",0.000776958733772957,0.685041136680576,0.045071681426903,"Math"
"LASSO",0.000707935861252568,0.68513881713267,0.045080709903326,"Math"
"LASSO",0.000645044790491882,0.685241680852482,0.0450911397891151,"Math"
"LASSO",0.000587740789122522,0.685327482995309,0.0450992000809343,"Math"
"LASSO",0.000535527517298369,0.685401637231838,0.0451061089221126,"Math"
"LASSO",0.000487952728637268,0.685470234467326,0.0451134666771194,"Math"
"LASSO",0.000444604353079206,0.685507905147755,0.0451179744299574,"Math"
"LASSO",0.000405106927732594,0.685514972680685,0.0451206494812745,"Math"
"Ridge",340.746546719975,0.793956305621327,0.0361763477455432,"Portuguese"
"Ridge",310.475562646208,0.793701777378164,0.0362113656476423,"Portuguese"
"Ridge",282.893769367226,0.793440324454952,0.036128418430498,"Portuguese"
"Ridge",257.762266584541,0.793337049953524,0.0360960868947389,"Portuguese"
"Ridge",234.863377243746,0.793260684668454,0.0360924025072871,"Portuguese"
"Ridge",213.998762120004,0.793176954689282,0.0360883604387789,"Portuguese"
"Ridge",194.987701898565,0.793085158341104,0.0360839261332871,"Portuguese"
"Ridge",177.665531870522,0.792984528838132,0.0360790617336979,"Portuguese"
"Ridge",161.882215685869,0.792874228592965,0.0360737257723239,"Portuguese"
"Ridge",147.501045810419,0.792753343102649,0.0360678728358207,"Portuguese"
"Ridge",134.397459430538,0.792620874393538,0.0360614532010445,"Portuguese"
"Ridge",122.457959549649,0.792475734011587,0.0360544124397997,"Portuguese"
"Ridge",111.579131931537,0.792316735551577,0.0360466909896078,"Portuguese"
"Ridge",101.666749375713,0.792142586904479,0.0360382236858317,"Portuguese"
"Ridge",92.6349555664775,0.79195188149153,0.0360289394189079,"Portuguese"
"Ridge",84.4055214265876,0.79174308914175,0.0360187603200392,"Portuguese"
"Ridge",76.9071675344145,0.791514547929789,0.0360076009851043,"Portuguese"
"Ridge",70.0749467356928,0.791264453480015,0.0359953685840828,"Portuguese"
"Ridge",63.84968160234,0.79099084939458,0.0359819616986558,"Portuguese"
"Ridge",58.1774518658845,0.790691616821406,0.0359672696569703,"Portuguese"
"Ridge",53.0091273858956,0.790364464052237,0.0359511718173472,"Portuguese"
"Ridge",48.2999426082097,0.790006916038458,0.0359335367734275,"Portuguese"
"Ridge",44.0091088271163,0.789616304026914,0.0359142215202455,"Portuguese"
"Ridge",40.0994608931018,0.78918975551366,0.0358930705856582,"Portuguese"
"Ridge",36.5371353061039,0.788724184757483,0.0358699151336655,"Portuguese"
"Ridge",33.2912769060742,0.788216284144718,0.0358445720487799,"Portuguese"
"Ridge",30.3337716203425,0.78766251675223,0.0358168430138079,"Portuguese"
"Ridge",27.6390029529691,0.787059110516266,0.0357865135972913,"Portuguese"
"Ridge",25.1836301069114,0.78640205448043,0.0357533523714949,"Portuguese"
"Ridge",22.9463858172064,0.785687097665198,0.0357171100873117,"Portuguese"
"Ridge",20.9078921440952,0.784909751172347,0.035677518938823,"Portuguese"
"Ridge",19.0504926305792,0.784065294207855,0.035634291957548,"Portuguese"
"Ridge",17.3580993706363,0.78314878477274,0.0355871225845972,"Portuguese"
"Ridge",15.8160536634755,0.782155075828515,0.0355356844779316,"Portuguese"
"Ridge",14.4109990468828,0.781085593397264,0.035476696619773,"Portuguese"
"Ridge",13.1307656099355,0.779952329219642,0.0354021586386984,"Portuguese"
"Ridge",11.9642645830553,0.778731989380439,0.0353193290103267,"Portuguese"
"Ridge",10.9013922923916,0.777504335086983,0.0352231373469287,"Portuguese"
"Ridge",9.93294264663167,0.776228503123405,0.0350988216847652,"Portuguese"
"Ridge",9.05052739824199,0.774881023402816,0.0349534976113608,"Portuguese"
"Ridge",8.24650348848092,0.773433150487428,0.0347969831477163,"Portuguese"
"Ridge",7.51390684688027,0.771890272086736,0.0346243613840985,"Portuguese"
"Ridge",6.84639207179847,0.77025733735862,0.0344311308887111,"Portuguese"
"Ridge",6.23817746958713,0.768533618444281,0.0342149468316352,"Portuguese"
"Ridge",5.68399497632656,0.766756950732156,0.0339563289420302,"Portuguese"
"Ridge",5.1790445283763,0.764917486285662,0.0337000634791974,"Portuguese"
"Ridge",4.7189524865202,0.763005291885485,0.0334355235535842,"Portuguese"
"Ridge",4.29973375359578,0.761019548533702,0.0331424572905524,"Portuguese"
"Ridge",3.91775725748913,0.75894913834635,0.0328239365222851,"Portuguese"
"Ridge",3.56971450052526,0.75678469552812,0.032480804506313,"Portuguese"
"Ridge",3.25259090284402,0.754509909319644,0.0321201780903463,"Portuguese"
"Ridge",2.96363969155153,0.75212626274824,0.0317424053263785,"Portuguese"
"Ridge",2.70035810948735,0.749654666263601,0.0313392120232518,"Portuguese"
"Ridge",2.4604657375393,0.747096348814207,0.0309122619403654,"Portuguese"
"Ridge",2.24188474274404,0.744494303083902,0.0304734495759775,"Portuguese"
"Ridge",2.04272188109193,0.741815933864156,0.0300178871626227,"Portuguese"
"Ridge",1.86125209915314,0.739065134911078,0.0295506562631867,"Portuguese"
"Ridge",1.69590359249011,0.736268055511991,0.0290649270239612,"Portuguese"
"Ridge",1.54524419143945,0.733576597722858,0.0285387779726084,"Portuguese"
"Ridge",1.40796895634342,0.731016444369262,0.0280120037927926,"Portuguese"
"Ridge",1.28288887478692,0.728492942214184,0.0274624544093159,"Portuguese"
"Ridge",1.16892056294075,0.725953848108919,0.0269194275880745,"Portuguese"
"Ridge",1.06507688180916,0.7234080130552,0.0263842352448381,"Portuguese"
"Ridge",0.970458387104126,0.720925517064555,0.0258548450549143,"Portuguese"
"Ridge",0.884245538689188,0.718671114265364,0.0252826046347386,"Portuguese"
"Ridge",0.805691602114866,0.716529673513915,0.0247321137743386,"Portuguese"
"Ridge",0.734116180762085,0.714691997719416,0.0241522418736235,"Portuguese"
"Ridge",0.668899322572158,0.713101125817616,0.0235998654234578,"Portuguese"
"Ridge",0.609476150318631,0.711766790575166,0.0230973992093465,"Portuguese"
"Ridge",0.555331968910982,0.71054391036123,0.0226196346177232,"Portuguese"
"Ridge",0.505997807351972,0.709483078381261,0.0222033512937236,"Portuguese"
"Ridge",0.461046356735217,0.708503392140519,0.021853728624412,"Portuguese"
"Ridge",0.420088269099865,0.707700710430404,0.021485312424595,"Portuguese"
"Ridge",0.382768785084819,0.707037109187442,0.0211009612262364,"Portuguese"
"Ridge",0.348764661172861,0.706403475257627,0.0207429402170753,"Portuguese"
"Ridge",0.317781369909949,0.705801125107383,0.0204107461293244,"Portuguese"
"Ridge",0.289550548849305,0.705230990414918,0.0201036322129751,"Portuguese"
"Ridge",0.263827676124285,0.704724022712629,0.0197969809635702,"Portuguese"
"Ridge",0.240389952516948,0.704315455840326,0.0195000816382838,"Portuguese"
"Ridge",0.219034371677814,0.704022658033704,0.0192221528237572,"Portuguese"
"Ridge",0.199575961781982,0.703780920743514,0.0189726972005184,"Portuguese"
"Ridge",0.18184618339167,0.703594790724832,0.0187509062110269,"Portuguese"
"Ridge",0.165691469648237,0.703429320992478,0.0185480919760696,"Portuguese"
"Ridge",0.150971896149513,0.70328838227348,0.0183625886088217,"Portuguese"
"Ridge",0.137559968991572,0.70320156069243,0.0181998314757097,"Portuguese"
"Ridge",0.125339520477522,0.703127924334135,0.0180523446617191,"Portuguese"
"Ridge",0.114204702928493,0.703097706531096,0.0178911529942808,"Portuguese"
"Ridge",0.104059071881676,0.703083662687009,0.0177374796114707,"Portuguese"
"Ridge",0.0948147507345277,0.70307913888664,0.0175950258208199,"Portuguese"
"Ridge",0.0863916695996754,0.703087172487337,0.0174655460523466,"Portuguese"
"Ridge",0.078716871777859,0.703148004684778,0.0173626717990776,"Portuguese"
"Ridge",0.0717238818419035,0.703228537135459,0.0172690971860737,"Portuguese"
"Ridge",0.0653521298583705,0.703345067012651,0.0171833734501616,"Portuguese"
"Ridge",0.0595464267597702,0.703481412950994,0.0171148081724309,"Portuguese"
"Ridge",0.0542564863232614,0.703618644885629,0.0170542685034498,"Portuguese"
"Ridge",0.0494364896154452,0.703776355265917,0.0169884117392255,"Portuguese"
"Ridge",0.0450446881306838,0.703941376035022,0.0169264255907351,"Portuguese"
"Ridge",0.0410430421855165,0.704097741887361,0.0168689204685594,"Portuguese"
"Ridge",0.0373968914371195,0.704238996760978,0.0168149720998854,"Portuguese"
"Ridge",0.0340746546719976,0.704266393229066,0.0167431711155034,"Portuguese"
"LASSO",0.340746546719975,0.791489654711078,0.036855919769468,"Portuguese"
"LASSO",0.310475562646208,0.786255126392988,0.0379123962298495,"Portuguese"
"LASSO",0.282893769367226,0.779965439732271,0.0378749827668695,"Portuguese"
"LASSO",0.257762266584541,0.77264553901094,0.0377175579020239,"Portuguese"
"LASSO",0.234863377243746,0.764909011356145,0.0369076133028995,"Portuguese"
"LASSO",0.213998762120003,0.757735953381358,0.0359131171837477,"Portuguese"
"LASSO",0.194987701898565,0.751298823913613,0.034998519653091,"Portuguese"
"LASSO",0.177665531870522,0.745449944666816,0.0341736937271588,"Portuguese"
"LASSO",0.161882215685869,0.740292339412317,0.0333704488721095,"Portuguese"
"LASSO",0.147501045810419,0.735605594108112,0.0326315864183562,"Portuguese"
"LASSO",0.134397459430538,0.731117642485353,0.0320631679002173,"Portuguese"
"LASSO",0.122457959549649,0.726499394689207,0.031716300173038,"Portuguese"
"LASSO",0.111579131931537,0.722188495064204,0.0308388623340449,"Portuguese"
"LASSO",0.101666749375713,0.718523154838196,0.0295114451186235,"Portuguese"
"LASSO",0.0926349555664775,0.715403003117916,0.0281883424085676,"Portuguese"
"LASSO",0.0844055214265875,0.712619775421134,0.0269659791204652,"Portuguese"
"LASSO",0.0769071675344145,0.710143776342135,0.025833937898547,"Portuguese"
"LASSO",0.0700749467356928,0.707986058356284,0.0247929676525545,"Portuguese"
"LASSO",0.0638496816023399,0.706008700203031,0.0238299041409287,"Portuguese"
"LASSO",0.0581774518658845,0.704362544026096,0.022782959686219,"Portuguese"
"LASSO",0.0530091273858955,0.703219771911322,0.0217978233487598,"Portuguese"
"LASSO",0.0482999426082096,0.70225764712795,0.0209635140698038,"Portuguese"
"LASSO",0.0440091088271162,0.701501394295837,0.0202048675089233,"Portuguese"
"LASSO",0.0400994608931017,0.700890672918185,0.0194373244895948,"Portuguese"
"LASSO",0.0365371353061039,0.700461991619064,0.0187508354515488,"Portuguese"
"LASSO",0.0332912769060741,0.70024310894323,0.0182199817725611,"Portuguese"
"LASSO",0.0303337716203425,0.700251174739389,0.0177935892982887,"Portuguese"
"LASSO",0.027639002952969,0.700351543707594,0.0174129859171752,"Portuguese"
"LASSO",0.0251836301069114,0.700530874748058,0.0170845733422969,"Portuguese"
"LASSO",0.0229463858172064,0.70078215219512,0.016842883666816,"Portuguese"
"LASSO",0.0209078921440952,0.701215854523947,0.0167081531205304,"Portuguese"
"LASSO",0.0190504926305791,0.70166323047875,0.0166725716124347,"Portuguese"
"LASSO",0.0173580993706363,0.70189248556453,0.0165649808159355,"Portuguese"
"LASSO",0.0158160536634755,0.702055729548741,0.0164464823112913,"Portuguese"
"LASSO",0.0144109990468828,0.702181730876623,0.0163506451748107,"Portuguese"
"LASSO",0.0131307656099355,0.702270164348219,0.0162695776462582,"Portuguese"
"LASSO",0.0119642645830553,0.702420126780289,0.0162161692924521,"Portuguese"
"LASSO",0.0109013922923916,0.702613852165423,0.0161717562532538,"Portuguese"
"LASSO",0.00993294264663166,0.70287628873781,0.0161478400819125,"Portuguese"
"LASSO",0.00905052739824199,0.703150904714701,0.0161307324623671,"Portuguese"
"LASSO",0.00824650348848092,0.703400635800397,0.0161150761906468,"Portuguese"
"LASSO",0.00751390684688027,0.703628507923831,0.0161054678706185,"Portuguese"
"LASSO",0.00684639207179847,0.703826631268995,0.0161013049368392,"Portuguese"
"LASSO",0.00623817746958713,0.704012844830975,0.0161008866879992,"Portuguese"
"LASSO",0.00568399497632656,0.704218700899734,0.0161131350984112,"Portuguese"
"LASSO",0.0051790445283763,0.704411703221656,0.01612190133396,"Portuguese"
"LASSO",0.0047189524865202,0.70461857615355,0.0160981766245351,"Portuguese"
"LASSO",0.00429973375359578,0.704819621369738,0.0160867995273163,"Portuguese"
"LASSO",0.00391775725748913,0.704988596177493,0.0160755077101758,"Portuguese"
"LASSO",0.00356971450052526,0.705138559837177,0.0160674426696378,"Portuguese"
"LASSO",0.00325259090284402,0.705250873072802,0.0160595556778881,"Portuguese"
"LASSO",0.00296363969155152,0.705357588429203,0.0160504022121156,"Portuguese"
"LASSO",0.00270035810948735,0.705455961602048,0.0160422773036856,"Portuguese"
"LASSO",0.0024604657375393,0.705542097633675,0.0160343431927197,"Portuguese"
"LASSO",0.00224188474274404,0.705621510087177,0.0160304060610114,"Portuguese"
"LASSO",0.00204272188109192,0.70569855775178,0.0160264853269635,"Portuguese"
"LASSO",0.00186125209915313,0.705771779481946,0.0160208857469522,"Portuguese"
"LASSO",0.00169590359249011,0.705830684386862,0.016018531711126,"Portuguese"
"LASSO",0.00154524419143945,0.705890705384678,0.0160159493010818,"Portuguese"
"LASSO",0.00140796895634342,0.705944570275811,0.0160119727967775,"Portuguese"
"LASSO",0.00128288887478692,0.705991902538568,0.0160078944764465,"Portuguese"
"LASSO",0.00116892056294075,0.706037130717912,0.0160052302976068,"Portuguese"
"LASSO",0.00106507688180916,0.706075329261714,0.0160011206191374,"Portuguese"
"LASSO",0.000970458387104126,0.706118907587789,0.0159908684199881,"Portuguese"
"LASSO",0.000884245538689187,0.706168732061374,0.0159735810054077,"Portuguese"
"LASSO",0.000805691602114865,0.706208169938003,0.0159626793969278,"Portuguese"
"LASSO",0.000734116180762085,0.70624500636076,0.0159527003271172,"Portuguese"
"LASSO",0.000668899322572158,0.706287830618126,0.015941655753412,"Portuguese"
"LASSO",0.000609476150318631,0.706317606742304,0.0159357672793696,"Portuguese"
"LASSO",0.000555331968910982,0.706342386532201,0.0159277252046413,"Portuguese"
"LASSO",0.000505997807351972,0.70635162464316,0.0159176223261353,"Portuguese"
